"Wave_time","State","StateFIPS","Start_Date","End_Date","N_State","Current President","Your State Governor"
"Late Apr","United States",NA,2020-04-16,2020-04-30,21405,43.09893334,65.08360839
"Late Apr","Alaska",2,2020-04-16,2020-04-30,103,56.06077532,64.20880987
"Late Apr","Alabama",1,2020-04-16,2020-04-30,465,54.37112424,58.90323234
"Late Apr","Arkansas",5,2020-04-16,2020-04-30,460,53.71665448,65.26068462
"Late Apr","Arizona",4,2020-04-16,2020-04-30,484,43.07990383,57.21766551
"Late Apr","California",6,2020-04-16,2020-04-30,811,35.63446523,72.00748615
"Late Apr","Colorado",8,2020-04-16,2020-04-30,470,42.54302587,65.00781333
"Late Apr","Connecticut",9,2020-04-16,2020-04-30,349,34.98302227,65.86341158
"Late Apr","Delaware",10,2020-04-16,2020-04-30,336,37.65880073,69.64804366
"Late Apr","Florida",12,2020-04-16,2020-04-30,616,44.21308264,50.42927933
"Late Apr","Georgia",13,2020-04-16,2020-04-30,514,45.73159285,53.05338613
"Late Apr","Hawaii",15,2020-04-16,2020-04-30,278,32.42392505,39.73172224
"Late Apr","Iowa",19,2020-04-16,2020-04-30,468,44.40731976,53.0179294
"Late Apr","Idaho",16,2020-04-16,2020-04-30,349,52.36569966,64.50554521
"Late Apr","Illinois",17,2020-04-16,2020-04-30,518,36.43386614,63.36883173
"Late Apr","Indiana",18,2020-04-16,2020-04-30,491,52.74706422,70.95425228
"Late Apr","Kansas",20,2020-04-16,2020-04-30,475,48.28963642,68.61736351
"Late Apr","Kentucky",21,2020-04-16,2020-04-30,458,53.5164255,78.97322561
"Late Apr","Louisiana",22,2020-04-16,2020-04-30,468,51.77452449,68.13177778
"Late Apr","Massachusetts",25,2020-04-16,2020-04-30,488,37.29186285,78.82541395
"Late Apr","Maryland",24,2020-04-16,2020-04-30,404,37.82593525,78.18148216
"Late Apr","Maine",23,2020-04-16,2020-04-30,341,44.42328649,69.00011156
"Late Apr","Michigan",26,2020-04-16,2020-04-30,525,38.7530223,63.64501204
"Late Apr","Minnesota",27,2020-04-16,2020-04-30,475,45.61428607,71.86125734
"Late Apr","Missouri",29,2020-04-16,2020-04-30,462,50.26974148,60.48049977
"Late Apr","Mississippi",28,2020-04-16,2020-04-30,437,45.814835,56.12251615
"Late Apr","Montana",30,2020-04-16,2020-04-30,231,50.01686517,58.74981819
"Late Apr","North Carolina",37,2020-04-16,2020-04-30,512,47.80062006,59.18365387
"Late Apr","North Dakota",38,2020-04-16,2020-04-30,176,52.92239742,66.06417743
"Late Apr","Nebraska",31,2020-04-16,2020-04-30,362,53.27967789,62.50907636
"Late Apr","New Hampshire",33,2020-04-16,2020-04-30,375,39.45072947,72.76966438
"Late Apr","New Jersey",34,2020-04-16,2020-04-30,540,39.62580678,66.61313696
"Late Apr","New Mexico",35,2020-04-16,2020-04-30,136,46.1695122,66.35246641
"Late Apr","Nevada",32,2020-04-16,2020-04-30,473,41.50102248,60.44032705
"Late Apr","New York",36,2020-04-16,2020-04-30,640,36.2417933,69.47577382
"Late Apr","Ohio",39,2020-04-16,2020-04-30,503,52.76282814,82.11979606
"Late Apr","Oklahoma",40,2020-04-16,2020-04-30,459,52.21829413,52.61370838
"Late Apr","Oregon",41,2020-04-16,2020-04-30,475,35.14511047,62.07507822
"Late Apr","Pennsylvania",42,2020-04-16,2020-04-30,524,40.30827695,59.68791472
"Late Apr","Rhode Island",44,2020-04-16,2020-04-30,314,39.59582032,74.10668996
"Late Apr","South Carolina",45,2020-04-16,2020-04-30,478,48.18559621,51.44569933
"Late Apr","South Dakota",46,2020-04-16,2020-04-30,193,42.34648139,43.49719777
"Late Apr","Tennessee",47,2020-04-16,2020-04-30,472,50.274755,62.59111409
"Late Apr","Texas",48,2020-04-16,2020-04-30,614,43.30805631,62.2331859
"Late Apr","Utah",49,2020-04-16,2020-04-30,437,46.20043275,61.14368281
"Late Apr","Virginia",51,2020-04-16,2020-04-30,524,43.74807037,58.61728272
"Late Apr","Vermont",50,2020-04-16,2020-04-30,189,31.30160466,71.51676103
"Late Apr","Washington",53,2020-04-16,2020-04-30,398,33.37584269,71.2599466
"Late Apr","Wisconsin",55,2020-04-16,2020-04-30,474,38.88144723,55.01652911
"Late Apr","West Virginia",54,2020-04-16,2020-04-30,370,58.09975983,78.44200728
"Late Apr","Wyoming",56,2020-04-16,2020-04-30,165,61.78282956,62.30596952
"Early May","United States",NA,2020-05-01,2020-05-21,23814,40.36936804,59.15871171
"Early May","Alaska",2,2020-05-01,2020-05-21,173,41.81377679,53.52763617
"Early May","Alabama",1,2020-05-01,2020-05-21,436,52.36978645,49.11373107
"Early May","Arkansas",5,2020-05-01,2020-05-21,407,53.05654317,60.69416343
"Early May","Arizona",4,2020-05-01,2020-05-21,380,40.16515786,54.08954874
"Early May","California",6,2020-05-01,2020-05-21,976,33.83876752,65.53626415
"Early May","Colorado",8,2020-05-01,2020-05-21,443,37.35386946,56.23196315
"Early May","Connecticut",9,2020-05-01,2020-05-21,400,32.97450909,62.28229911
"Early May","Delaware",10,2020-05-01,2020-05-21,361,37.89645306,65.50266445
"Early May","Florida",12,2020-05-01,2020-05-21,853,42.89172398,45.19067793
"Early May","Georgia",13,2020-05-01,2020-05-21,620,40.04105577,36.75901312
"Early May","Hawaii",15,2020-05-01,2020-05-21,246,26.42848444,34.99045202
"Early May","Iowa",19,2020-05-01,2020-05-21,446,41.04461566,37.56519583
"Early May","Idaho",16,2020-05-01,2020-05-21,398,48.35800544,54.22373767
"Early May","Illinois",17,2020-05-01,2020-05-21,657,35.65336003,58.39828292
"Early May","Indiana",18,2020-05-01,2020-05-21,506,49.60350217,60.1363935
"Early May","Kansas",20,2020-05-01,2020-05-21,518,44.38505488,57.9736042
"Early May","Kentucky",21,2020-05-01,2020-05-21,441,46.74655543,69.10154396
"Early May","Louisiana",22,2020-05-01,2020-05-21,446,49.62547839,65.54320571
"Early May","Massachusetts",25,2020-05-01,2020-05-21,544,34.43339761,73.7149503
"Early May","Maryland",24,2020-05-01,2020-05-21,474,28.07991,72.23200712
"Early May","Maine",23,2020-05-01,2020-05-21,397,36.94680639,56.69773645
"Early May","Michigan",26,2020-05-01,2020-05-21,624,34.92228162,61.96490125
"Early May","Minnesota",27,2020-05-01,2020-05-21,479,42.14741969,63.44673531
"Early May","Missouri",29,2020-05-01,2020-05-21,530,49.07820545,52.08826398
"Early May","Mississippi",28,2020-05-01,2020-05-21,425,51.71036166,54.27900715
"Early May","Montana",30,2020-05-01,2020-05-21,284,50.87949358,65.25856093
"Early May","North Carolina",37,2020-05-01,2020-05-21,608,45.68639881,59.94924144
"Early May","North Dakota",38,2020-05-01,2020-05-21,237,44.93365806,53.27776951
"Early May","Nebraska",31,2020-05-01,2020-05-21,299,50.09549503,54.31453587
"Early May","New Hampshire",33,2020-05-01,2020-05-21,398,34.02979794,71.86068123
"Early May","New Jersey",34,2020-05-01,2020-05-21,638,38.22428737,67.70067481
"Early May","New Mexico",35,2020-05-01,2020-05-21,237,29.75848875,59.65090838
"Early May","Nevada",32,2020-05-01,2020-05-21,460,36.89436965,58.19154534
"Early May","New York",36,2020-05-01,2020-05-21,841,35.10244442,70.48816096
"Early May","Ohio",39,2020-05-01,2020-05-21,621,44.72502546,74.18964662
"Early May","Oklahoma",40,2020-05-01,2020-05-21,393,51.00809997,49.67635491
"Early May","Oregon",41,2020-05-01,2020-05-21,461,37.24547937,52.69592278
"Early May","Pennsylvania",42,2020-05-01,2020-05-21,651,39.31122863,54.72307474
"Early May","Rhode Island",44,2020-05-01,2020-05-21,344,29.20532359,70.95612487
"Early May","South Carolina",45,2020-05-01,2020-05-21,488,46.64725437,50.63019509
"Early May","South Dakota",46,2020-05-01,2020-05-21,258,42.73301487,49.09568295
"Early May","Tennessee",47,2020-05-01,2020-05-21,520,49.02315493,49.90779314
"Early May","Texas",48,2020-05-01,2020-05-21,752,39.35080327,51.58079762
"Early May","Utah",49,2020-05-01,2020-05-21,355,50.16303749,57.63919912
"Early May","Virginia",51,2020-05-01,2020-05-21,622,38.4555226,55.94091244
"Early May","Vermont",50,2020-05-01,2020-05-21,274,35.92857781,75.11226968
"Early May","Washington",53,2020-05-01,2020-05-21,527,31.61387169,63.87351677
"Early May","Wisconsin",55,2020-05-01,2020-05-21,621,32.7537062,55.5273691
"Early May","West Virginia",54,2020-05-01,2020-05-21,369,56.77149625,68.77679232
"Early May","Wyoming",56,2020-05-01,2020-05-21,168,62.07410378,62.5862633
"Late May","United States",NA,2020-05-16,2020-06-01,20391,35.61426028,55.34679357
"Late May","Alaska",2,2020-05-16,2020-06-01,129,36.33779633,53.4395358
"Late May","Alabama",1,2020-05-16,2020-06-01,396,45.71791182,48.26069923
"Late May","Arkansas",5,2020-05-16,2020-06-01,333,44.76679564,49.94515952
"Late May","Arizona",4,2020-05-16,2020-06-01,526,37.09113546,42.43238247
"Late May","California",6,2020-05-16,2020-06-01,994,29.757254,57.26935414
"Late May","Colorado",8,2020-05-16,2020-06-01,432,31.90145485,50.55852736
"Late May","Connecticut",9,2020-05-16,2020-06-01,263,33.84061999,64.98679174
"Late May","Delaware",10,2020-05-16,2020-06-01,418,32.42656767,55.77913479
"Late May","Florida",12,2020-05-16,2020-06-01,699,40.18419448,51.44948292
"Late May","Georgia",13,2020-05-16,2020-06-01,480,36.74588933,36.2100827
"Late May","Hawaii",15,2020-05-16,2020-06-01,318,18.41896772,41.79488071
"Late May","Iowa",19,2020-05-16,2020-06-01,264,33.63841093,37.59737947
"Late May","Idaho",16,2020-05-16,2020-06-01,404,40.5787499,44.35982198
"Late May","Illinois",17,2020-05-16,2020-06-01,582,37.25199276,53.23843952
"Late May","Indiana",18,2020-05-16,2020-06-01,417,36.69757359,55.63480006
"Late May","Kansas",20,2020-05-16,2020-06-01,259,36.08952105,56.89659664
"Late May","Kentucky",21,2020-05-16,2020-06-01,360,47.17143269,63.77515126
"Late May","Louisiana",22,2020-05-16,2020-06-01,410,47.09246887,60.71754403
"Late May","Massachusetts",25,2020-05-16,2020-06-01,485,28.13629019,67.93738627
"Late May","Maryland",24,2020-05-16,2020-06-01,440,25.43222368,69.03558247
"Late May","Maine",23,2020-05-16,2020-06-01,412,36.52624412,50.23036844
"Late May","Michigan",26,2020-05-16,2020-06-01,516,29.62130856,60.25460548
"Late May","Minnesota",27,2020-05-16,2020-06-01,372,34.63312688,60.68679043
"Late May","Missouri",29,2020-05-16,2020-06-01,496,37.97038332,44.11520681
"Late May","Mississippi",28,2020-05-16,2020-06-01,252,44.48186677,53.98004026
"Late May","Montana",30,2020-05-16,2020-06-01,233,39.689343,56.92721258
"Late May","North Carolina",37,2020-05-16,2020-06-01,558,38.99124262,53.31418559
"Late May","North Dakota",38,2020-05-16,2020-06-01,237,44.10584673,60.7653252
"Late May","Nebraska",31,2020-05-16,2020-06-01,178,37.29483967,49.27960849
"Late May","New Hampshire",33,2020-05-16,2020-06-01,378,27.69410089,68.0118362
"Late May","New Jersey",34,2020-05-16,2020-06-01,591,30.56099805,57.13006877
"Late May","New Mexico",35,2020-05-16,2020-06-01,173,39.44393633,53.38325092
"Late May","Nevada",32,2020-05-16,2020-06-01,301,34.68058463,56.86146099
"Late May","New York",36,2020-05-16,2020-06-01,736,34.86066928,67.56342025
"Late May","Ohio",39,2020-05-16,2020-06-01,529,40.64914163,67.56909648
"Late May","Oklahoma",40,2020-05-16,2020-06-01,329,43.3861366,44.57311977
"Late May","Oregon",41,2020-05-16,2020-06-01,452,33.53226967,53.49731026
"Late May","Pennsylvania",42,2020-05-16,2020-06-01,595,37.34438463,52.92225275
"Late May","Rhode Island",44,2020-05-16,2020-06-01,196,19.72625462,65.36534244
"Late May","South Carolina",45,2020-05-16,2020-06-01,394,44.37109705,47.59588003
"Late May","South Dakota",46,2020-05-16,2020-06-01,198,42.16606176,40.06550961
"Late May","Tennessee",47,2020-05-16,2020-06-01,429,51.08544021,50.81791104
"Late May","Texas",48,2020-05-16,2020-06-01,723,37.36504784,47.43566841
"Late May","Utah",49,2020-05-16,2020-06-01,315,37.84975611,53.56805365
"Late May","Virginia",51,2020-05-16,2020-06-01,511,35.89704651,53.74315439
"Late May","Vermont",50,2020-05-16,2020-06-01,182,25.89031059,72.80705506
"Late May","Washington",53,2020-05-16,2020-06-01,553,28.30606031,53.83487699
"Late May","Wisconsin",55,2020-05-16,2020-06-01,461,31.82937175,49.17501667
"Late May","West Virginia",54,2020-05-16,2020-06-01,218,42.34797776,65.87714279
"Late May","Wyoming",56,2020-05-16,2020-06-01,115,56.3900013,59.85881543
"Late Jun","United States",NA,2020-06-12,2020-06-28,22905,33.92627412,53.41207062
"Late Jun","Alaska",2,2020-06-12,2020-06-28,169,37.69991822,48.24645535
"Late Jun","Alabama",1,2020-06-12,2020-06-28,416,44.94216659,47.78054853
"Late Jun","Arkansas",5,2020-06-12,2020-06-28,394,39.53661615,46.29587708
"Late Jun","Arizona",4,2020-06-12,2020-06-28,614,34.96457248,33.62768168
"Late Jun","California",6,2020-06-12,2020-06-28,871,25.08678735,59.17658661
"Late Jun","Colorado",8,2020-06-12,2020-06-28,496,31.65676693,54.87472261
"Late Jun","Connecticut",9,2020-06-12,2020-06-28,424,26.36802426,58.17263263
"Late Jun","Delaware",10,2020-06-12,2020-06-28,356,26.3759197,55.2138749
"Late Jun","Florida",12,2020-06-12,2020-06-28,862,40.03840296,42.90280668
"Late Jun","Georgia",13,2020-06-12,2020-06-28,508,42.11042723,42.46987521
"Late Jun","Hawaii",15,2020-06-12,2020-06-28,498,22.58162356,43.26190087
"Late Jun","Iowa",19,2020-06-12,2020-06-28,414,28.08257165,35.30671582
"Late Jun","Idaho",16,2020-06-12,2020-06-28,363,35.65200853,46.55464825
"Late Jun","Illinois",17,2020-06-12,2020-06-28,555,28.15188053,58.86692447
"Late Jun","Indiana",18,2020-06-12,2020-06-28,497,40.51364533,56.74182549
"Late Jun","Kansas",20,2020-06-12,2020-06-28,378,34.93934221,50.42166587
"Late Jun","Kentucky",21,2020-06-12,2020-06-28,441,49.25486089,59.40096766
"Late Jun","Louisiana",22,2020-06-12,2020-06-28,405,50.07789882,64.34930403
"Late Jun","Massachusetts",25,2020-06-12,2020-06-28,480,26.79989128,70.14808281
"Late Jun","Maryland",24,2020-06-12,2020-06-28,470,29.83841463,70.66366134
"Late Jun","Maine",23,2020-06-12,2020-06-28,381,33.34326645,48.30307536
"Late Jun","Michigan",26,2020-06-12,2020-06-28,470,24.77774819,67.25753849
"Late Jun","Minnesota",27,2020-06-12,2020-06-28,498,31.54835378,52.16920881
"Late Jun","Missouri",29,2020-06-12,2020-06-28,486,42.83769375,44.15847782
"Late Jun","Mississippi",28,2020-06-12,2020-06-28,350,48.83928079,50.46160292
"Late Jun","Montana",30,2020-06-12,2020-06-28,296,40.7361321,55.84022218
"Late Jun","North Carolina",37,2020-06-12,2020-06-28,563,34.0361624,47.77904113
"Late Jun","North Dakota",38,2020-06-12,2020-06-28,200,52.9716631,65.31311389
"Late Jun","Nebraska",31,2020-06-12,2020-06-28,385,42.09756851,49.87126808
"Late Jun","New Hampshire",33,2020-06-12,2020-06-28,376,30.74460944,72.42763009
"Late Jun","New Jersey",34,2020-06-12,2020-06-28,506,28.95087114,66.77644943
"Late Jun","New Mexico",35,2020-06-12,2020-06-28,324,26.41491281,42.32336615
"Late Jun","Nevada",32,2020-06-12,2020-06-28,395,31.5949972,51.599952
"Late Jun","New York",36,2020-06-12,2020-06-28,660,28.0149255,63.35902458
"Late Jun","Ohio",39,2020-06-12,2020-06-28,586,38.16862345,64.67227236
"Late Jun","Oklahoma",40,2020-06-12,2020-06-28,368,43.15169798,45.00639928
"Late Jun","Oregon",41,2020-06-12,2020-06-28,460,35.86292097,47.30532952
"Late Jun","Pennsylvania",42,2020-06-12,2020-06-28,606,35.72251004,47.84604174
"Late Jun","Rhode Island",44,2020-06-12,2020-06-28,330,25.26660386,61.43877595
"Late Jun","South Carolina",45,2020-06-12,2020-06-28,476,38.82494039,42.71206321
"Late Jun","South Dakota",46,2020-06-12,2020-06-28,312,40.50960751,52.79493216
"Late Jun","Tennessee",47,2020-06-12,2020-06-28,487,45.24126007,47.22272615
"Late Jun","Texas",48,2020-06-12,2020-06-28,883,36.1570031,44.20513209
"Late Jun","Utah",49,2020-06-12,2020-06-28,358,38.40140449,50.47032958
"Late Jun","Virginia",51,2020-06-12,2020-06-28,571,33.62687319,47.79069956
"Late Jun","Vermont",50,2020-06-12,2020-06-28,241,27.41023551,74.41304554
"Late Jun","Washington",53,2020-06-12,2020-06-28,450,28.90328917,57.75380443
"Late Jun","Wisconsin",55,2020-06-12,2020-06-28,487,31.06184051,48.0593855
"Late Jun","West Virginia",54,2020-06-12,2020-06-28,333,51.84862823,66.39559244
"Late Jun","Wyoming",56,2020-06-12,2020-06-28,149,51.84042703,53.71526432
"Late Jul","United States",NA,2020-07-10,2020-07-26,19437,32.74580061,52.02625432
"Late Jul","Alaska",2,2020-07-10,2020-07-26,129,31.33880713,46.63155923
"Late Jul","Alabama",1,2020-07-10,2020-07-26,440,47.03575155,47.07338716
"Late Jul","Arkansas",5,2020-07-10,2020-07-26,394,38.61798683,41.88416701
"Late Jul","Arizona",4,2020-07-10,2020-07-26,352,38.67886077,28.09638263
"Late Jul","California",6,2020-07-10,2020-07-26,558,29.84094292,58.44184565
"Late Jul","Colorado",8,2020-07-10,2020-07-26,377,27.36887551,53.23250645
"Late Jul","Connecticut",9,2020-07-10,2020-07-26,407,22.60229288,57.58224239
"Late Jul","Delaware",10,2020-07-10,2020-07-26,285,22.78264799,53.77922853
"Late Jul","Florida",12,2020-07-10,2020-07-26,498,37.63749932,38.52246117
"Late Jul","Georgia",13,2020-07-10,2020-07-26,442,38.92975769,36.27023413
"Late Jul","Hawaii",15,2020-07-10,2020-07-26,295,18.73656144,37.96739489
"Late Jul","Iowa",19,2020-07-10,2020-07-26,412,28.2990441,27.77952686
"Late Jul","Idaho",16,2020-07-10,2020-07-26,358,36.22719247,43.16549239
"Late Jul","Illinois",17,2020-07-10,2020-07-26,474,26.15408502,50.52995405
"Late Jul","Indiana",18,2020-07-10,2020-07-26,322,29.44006766,50.19962818
"Late Jul","Kansas",20,2020-07-10,2020-07-26,368,35.15361796,50.23250376
"Late Jul","Kentucky",21,2020-07-10,2020-07-26,396,44.60641524,59.96577469
"Late Jul","Louisiana",22,2020-07-10,2020-07-26,412,38.91165459,48.47727969
"Late Jul","Massachusetts",25,2020-07-10,2020-07-26,382,27.55092564,70.09521611
"Late Jul","Maryland",24,2020-07-10,2020-07-26,472,22.16007083,74.74489209
"Late Jul","Maine",23,2020-07-10,2020-07-26,317,30.79333129,54.09480529
"Late Jul","Michigan",26,2020-07-10,2020-07-26,372,29.52027425,66.72389348
"Late Jul","Minnesota",27,2020-07-10,2020-07-26,389,35.86283341,53.76598975
"Late Jul","Missouri",29,2020-07-10,2020-07-26,358,40.6015972,38.82374957
"Late Jul","Mississippi",28,2020-07-10,2020-07-26,389,37.71510749,43.57537105
"Late Jul","Montana",30,2020-07-10,2020-07-26,292,33.30663102,53.08244446
"Late Jul","North Carolina",37,2020-07-10,2020-07-26,447,36.6621675,47.23400403
"Late Jul","North Dakota",38,2020-07-10,2020-07-26,215,34.97736642,60.43925353
"Late Jul","Nebraska",31,2020-07-10,2020-07-26,337,40.03321364,42.5731334
"Late Jul","New Hampshire",33,2020-07-10,2020-07-26,318,31.07955025,62.5597285
"Late Jul","New Jersey",34,2020-07-10,2020-07-26,396,29.12502488,57.11771021
"Late Jul","New Mexico",35,2020-07-10,2020-07-26,353,27.94069632,52.10239799
"Late Jul","Nevada",32,2020-07-10,2020-07-26,434,35.89537757,43.81984536
"Late Jul","New York",36,2020-07-10,2020-07-26,476,30.6920327,70.91411366
"Late Jul","Ohio",39,2020-07-10,2020-07-26,486,36.15998774,58.78035775
"Late Jul","Oklahoma",40,2020-07-10,2020-07-26,392,33.29339701,35.94051343
"Late Jul","Oregon",41,2020-07-10,2020-07-26,405,33.76765578,46.75160625
"Late Jul","Pennsylvania",42,2020-07-10,2020-07-26,479,36.25628155,51.50701663
"Late Jul","Rhode Island",44,2020-07-10,2020-07-26,351,27.20229697,71.75158464
"Late Jul","South Carolina",45,2020-07-10,2020-07-26,428,40.15314086,43.90279707
"Late Jul","South Dakota",46,2020-07-10,2020-07-26,271,41.1828256,51.63819474
"Late Jul","Tennessee",47,2020-07-10,2020-07-26,479,45.03560199,45.60486231
"Late Jul","Texas",48,2020-07-10,2020-07-26,491,31.28527467,40.5622969
"Late Jul","Utah",49,2020-07-10,2020-07-26,456,32.60309367,44.87665955
"Late Jul","Virginia",51,2020-07-10,2020-07-26,410,32.3845824,57.01302826
"Late Jul","Vermont",50,2020-07-10,2020-07-26,216,32.32415743,74.46068273
"Late Jul","Washington",53,2020-07-10,2020-07-26,456,33.41213895,52.9401
"Late Jul","Wisconsin",55,2020-07-10,2020-07-26,448,29.5731338,44.99402319
"Late Jul","West Virginia",54,2020-07-10,2020-07-26,364,44.28647809,54.2868709
"Late Jul","Wyoming",56,2020-07-10,2020-07-26,156,51.01203021,58.16998911
"Late Aug","United States",NA,2020-08-07,2020-08-26,21496,33.69991929,49.00238179
"Late Aug","Alaska",2,2020-08-07,2020-08-26,127,26.11551165,41.00500104
"Late Aug","Alabama",1,2020-08-07,2020-08-26,524,48.35874514,44.5368382
"Late Aug","Arkansas",5,2020-08-07,2020-08-26,391,45.1089546,44.1712674
"Late Aug","Arizona",4,2020-08-07,2020-08-26,467,31.8738823,31.35908848
"Late Aug","California",6,2020-08-07,2020-08-26,818,26.03625307,47.66749525
"Late Aug","Colorado",8,2020-08-07,2020-08-26,480,30.0769233,50.81634233
"Late Aug","Connecticut",9,2020-08-07,2020-08-26,416,32.06729349,64.31743612
"Late Aug","Delaware",10,2020-08-07,2020-08-26,285,34.04726005,59.39061319
"Late Aug","Florida",12,2020-08-07,2020-08-26,595,29.18321246,29.42837103
"Late Aug","Georgia",13,2020-08-07,2020-08-26,608,34.46031375,35.01797032
"Late Aug","Hawaii",15,2020-08-07,2020-08-26,261,27.68625701,31.60618675
"Late Aug","Iowa",19,2020-08-07,2020-08-26,257,36.17517872,27.29386859
"Late Aug","Idaho",16,2020-08-07,2020-08-26,273,51.24347787,33.90130594
"Late Aug","Illinois",17,2020-08-07,2020-08-26,510,29.24540007,58.06245789
"Late Aug","Indiana",18,2020-08-07,2020-08-26,467,36.4377475,43.95755407
"Late Aug","Kansas",20,2020-08-07,2020-08-26,442,41.10639928,47.34093506
"Late Aug","Kentucky",21,2020-08-07,2020-08-26,518,43.67134467,57.49600584
"Late Aug","Louisiana",22,2020-08-07,2020-08-26,446,44.28753249,52.35962997
"Late Aug","Massachusetts",25,2020-08-07,2020-08-26,606,23.62907615,69.02985777
"Late Aug","Maryland",24,2020-08-07,2020-08-26,545,27.93579544,71.99671791
"Late Aug","Maine",23,2020-08-07,2020-08-26,286,39.71204408,54.79134283
"Late Aug","Michigan",26,2020-08-07,2020-08-26,585,32.38238609,62.23854777
"Late Aug","Minnesota",27,2020-08-07,2020-08-26,536,34.55133247,49.86120081
"Late Aug","Missouri",29,2020-08-07,2020-08-26,512,41.00933208,36.61610248
"Late Aug","Mississippi",28,2020-08-07,2020-08-26,404,44.69185796,35.0091394
"Late Aug","Montana",30,2020-08-07,2020-08-26,212,30.4411062,48.29385576
"Late Aug","North Carolina",37,2020-08-07,2020-08-26,517,31.6527972,49.15387263
"Late Aug","North Dakota",38,2020-08-07,2020-08-26,195,38.55289768,55.28738313
"Late Aug","Nebraska",31,2020-08-07,2020-08-26,307,35.55934856,40.65196308
"Late Aug","New Hampshire",33,2020-08-07,2020-08-26,205,34.4269655,61.59647414
"Late Aug","New Jersey",34,2020-08-07,2020-08-26,523,28.47109082,58.95970263
"Late Aug","New Mexico",35,2020-08-07,2020-08-26,319,29.33146139,56.09381288
"Late Aug","Nevada",32,2020-08-07,2020-08-26,498,32.69373941,42.57953141
"Late Aug","New York",36,2020-08-07,2020-08-26,629,32.30717778,60.40279568
"Late Aug","Ohio",39,2020-08-07,2020-08-26,523,37.06777454,58.51187685
"Late Aug","Oklahoma",40,2020-08-07,2020-08-26,498,42.41209009,35.82977003
"Late Aug","Oregon",41,2020-08-07,2020-08-26,478,29.41754993,38.89416565
"Late Aug","Pennsylvania",42,2020-08-07,2020-08-26,520,38.49624479,47.95362642
"Late Aug","Rhode Island",44,2020-08-07,2020-08-26,257,20.30107806,56.96548748
"Late Aug","South Carolina",45,2020-08-07,2020-08-26,457,45.0329252,37.77390353
"Late Aug","South Dakota",46,2020-08-07,2020-08-26,191,35.38074787,47.42675214
"Late Aug","Tennessee",47,2020-08-07,2020-08-26,515,44.97976095,40.04257104
"Late Aug","Texas",48,2020-08-07,2020-08-26,647,30.94422637,34.46641289
"Late Aug","Utah",49,2020-08-07,2020-08-26,278,39.24853904,42.34295725
"Late Aug","Virginia",51,2020-08-07,2020-08-26,541,33.71521921,46.78278222
"Late Aug","Vermont",50,2020-08-07,2020-08-26,137,27.02743066,78.47220258
"Late Aug","Washington",53,2020-08-07,2020-08-26,497,25.84442675,50.25672096
"Late Aug","Wisconsin",55,2020-08-07,2020-08-26,450,29.0704077,43.18189423
"Late Aug","West Virginia",54,2020-08-07,2020-08-26,372,47.22243391,52.89283285
"Late Aug","Wyoming",56,2020-08-07,2020-08-26,144,45.76348749,50.88184344
"Late Sept","United States",NA,2020-09-04,2020-09-30,23050,34.29114384,48.40239519
"Late Sept","Alaska",2,2020-09-04,2020-09-30,188,35.64204302,37.15573154
"Late Sept","Alabama",1,2020-09-04,2020-09-30,457,51.21030643,47.02391898
"Late Sept","Arkansas",5,2020-09-04,2020-09-30,291,40.93804843,48.73191376
"Late Sept","Arizona",4,2020-09-04,2020-09-30,523,34.46133646,35.12856548
"Late Sept","California",6,2020-09-04,2020-09-30,1180,25.48094665,50.66547255
"Late Sept","Colorado",8,2020-09-04,2020-09-30,420,31.9241912,52.1743348
"Late Sept","Connecticut",9,2020-09-04,2020-09-30,434,24.1463813,59.19122015
"Late Sept","Delaware",10,2020-09-04,2020-09-30,322,30.01525386,48.9562778
"Late Sept","Florida",12,2020-09-04,2020-09-30,873,34.38408945,32.97659898
"Late Sept","Georgia",13,2020-09-04,2020-09-30,566,37.10391351,35.76204082
"Late Sept","Hawaii",15,2020-09-04,2020-09-30,348,18.49155837,29.17291981
"Late Sept","Iowa",19,2020-09-04,2020-09-30,327,40.63051599,30.25549342
"Late Sept","Idaho",16,2020-09-04,2020-09-30,373,43.39184783,43.14016682
"Late Sept","Illinois",17,2020-09-04,2020-09-30,620,28.15834115,50.62167862
"Late Sept","Indiana",18,2020-09-04,2020-09-30,455,39.08944367,45.41700841
"Late Sept","Kansas",20,2020-09-04,2020-09-30,427,37.69419123,50.93239255
"Late Sept","Kentucky",21,2020-09-04,2020-09-30,349,45.29775496,57.88104761
"Late Sept","Louisiana",22,2020-09-04,2020-09-30,331,42.23888755,44.84703495
"Late Sept","Massachusetts",25,2020-09-04,2020-09-30,485,26.61879872,68.8487032
"Late Sept","Maryland",24,2020-09-04,2020-09-30,521,25.57064649,66.25620968
"Late Sept","Maine",23,2020-09-04,2020-09-30,315,35.67424789,55.08151925
"Late Sept","Michigan",26,2020-09-04,2020-09-30,429,33.31906873,55.86823538
"Late Sept","Minnesota",27,2020-09-04,2020-09-30,365,28.97792694,51.0313716
"Late Sept","Missouri",29,2020-09-04,2020-09-30,540,45.00995352,36.40461146
"Late Sept","Mississippi",28,2020-09-04,2020-09-30,389,43.6159321,35.69153427
"Late Sept","Montana",30,2020-09-04,2020-09-30,280,43.39945859,43.21908991
"Late Sept","North Carolina",37,2020-09-04,2020-09-30,561,38.73287905,49.15707982
"Late Sept","North Dakota",38,2020-09-04,2020-09-30,254,37.52114729,48.18666635
"Late Sept","Nebraska",31,2020-09-04,2020-09-30,323,37.39858225,39.10891493
"Late Sept","New Hampshire",33,2020-09-04,2020-09-30,337,28.06376247,63.51050448
"Late Sept","New Jersey",34,2020-09-04,2020-09-30,511,28.77744454,58.00043681
"Late Sept","New Mexico",35,2020-09-04,2020-09-30,387,24.83747224,47.16067034
"Late Sept","Nevada",32,2020-09-04,2020-09-30,334,34.5628454,41.99449308
"Late Sept","New York",36,2020-09-04,2020-09-30,806,29.88578534,56.30870443
"Late Sept","Ohio",39,2020-09-04,2020-09-30,604,39.11611511,56.06653091
"Late Sept","Oklahoma",40,2020-09-04,2020-09-30,377,43.29321453,34.47146868
"Late Sept","Oregon",41,2020-09-04,2020-09-30,406,33.5401581,45.09826255
"Late Sept","Pennsylvania",42,2020-09-04,2020-09-30,678,32.04717971,48.66320347
"Late Sept","Rhode Island",44,2020-09-04,2020-09-30,318,28.90087774,63.19898889
"Late Sept","South Carolina",45,2020-09-04,2020-09-30,382,37.9579863,37.05262344
"Late Sept","South Dakota",46,2020-09-04,2020-09-30,327,36.60993374,38.46967073
"Late Sept","Tennessee",47,2020-09-04,2020-09-30,558,40.31005208,38.11338703
"Late Sept","Texas",48,2020-09-04,2020-09-30,1119,33.05479543,39.59940588
"Late Sept","Utah",49,2020-09-04,2020-09-30,435,41.40309095,43.65836497
"Late Sept","Virginia",51,2020-09-04,2020-09-30,523,36.72285584,47.29500014
"Late Sept","Vermont",50,2020-09-04,2020-09-30,180,18.79825415,72.6777834
"Late Sept","Washington",53,2020-09-04,2020-09-30,554,31.11581964,50.2601199
"Late Sept","Wisconsin",55,2020-09-04,2020-09-30,483,34.91931631,40.75545464
"Late Sept","West Virginia",54,2020-09-04,2020-09-30,336,56.67261955,49.387974
"Late Sept","Wyoming",56,2020-09-04,2020-09-30,179,47.70049068,43.19298954
"October","United States",NA,2020-10-02,2020-10-23,19570,33.99886377,48.60838404
"October","Alaska",2,2020-10-02,2020-10-23,189,30.43411915,44.83000339
"October","Alabama",1,2020-10-02,2020-10-23,366,46.32806675,45.51610337
"October","Arkansas",5,2020-10-02,2020-10-23,215,36.8924849,45.69649826
"October","Arizona",4,2020-10-02,2020-10-23,340,32.53389246,31.17934749
"October","California",6,2020-10-02,2020-10-23,727,25.66328955,50.21237859
"October","Colorado",8,2020-10-02,2020-10-23,223,34.28395023,55.40589215
"October","Connecticut",9,2020-10-02,2020-10-23,262,24.27464318,62.04632293
"October","Delaware",10,2020-10-02,2020-10-23,242,29.62766762,42.92855657
"October","Florida",12,2020-10-02,2020-10-23,695,34.26752116,35.72808675
"October","Georgia",13,2020-10-02,2020-10-23,410,35.88304589,37.45982794
"October","Hawaii",15,2020-10-02,2020-10-23,343,20.1412692,25.84492416
"October","Iowa",19,2020-10-02,2020-10-23,324,32.35804941,29.68607289
"October","Idaho",16,2020-10-02,2020-10-23,289,38.25439551,43.16689996
"October","Illinois",17,2020-10-02,2020-10-23,545,24.16610357,47.42114997
"October","Indiana",18,2020-10-02,2020-10-23,461,40.15580392,49.10719905
"October","Kansas",20,2020-10-02,2020-10-23,308,34.19791859,56.27104241
"October","Kentucky",21,2020-10-02,2020-10-23,457,40.06885621,50.77436893
"October","Louisiana",22,2020-10-02,2020-10-23,267,41.87021672,47.85837876
"October","Massachusetts",25,2020-10-02,2020-10-23,341,24.06565836,62.95875241
"October","Maryland",24,2020-10-02,2020-10-23,398,29.28929459,66.80786114
"October","Maine",23,2020-10-02,2020-10-23,240,36.5022458,54.23830177
"October","Michigan",26,2020-10-02,2020-10-23,449,31.74663564,53.23907443
"October","Minnesota",27,2020-10-02,2020-10-23,381,38.17133047,54.38715761
"October","Missouri",29,2020-10-02,2020-10-23,503,45.34255185,40.91741905
"October","Mississippi",28,2020-10-02,2020-10-23,437,43.31446815,36.50134474
"October","Montana",30,2020-10-02,2020-10-23,260,39.87436716,45.35141029
"October","North Carolina",37,2020-10-02,2020-10-23,562,38.01168253,47.69749772
"October","North Dakota",38,2020-10-02,2020-10-23,290,32.41839628,40.63613378
"October","Nebraska",31,2020-10-02,2020-10-23,359,35.80542714,37.50226477
"October","New Hampshire",33,2020-10-02,2020-10-23,299,27.85620215,54.85411247
"October","New Jersey",34,2020-10-02,2020-10-23,465,30.56543848,61.6795649
"October","New Mexico",35,2020-10-02,2020-10-23,283,34.74484964,46.05898261
"October","Nevada",32,2020-10-02,2020-10-23,310,34.83798302,46.52137958
"October","New York",36,2020-10-02,2020-10-23,657,29.61845742,56.74195448
"October","Ohio",39,2020-10-02,2020-10-23,603,40.12064895,57.50043847
"October","Oklahoma",40,2020-10-02,2020-10-23,310,43.42181918,38.91426616
"October","Oregon",41,2020-10-02,2020-10-23,319,31.53564528,41.8072233
"October","Pennsylvania",42,2020-10-02,2020-10-23,791,37.45488904,46.01634931
"October","Rhode Island",44,2020-10-02,2020-10-23,223,25.10044273,64.8668871
"October","South Carolina",45,2020-10-02,2020-10-23,444,40.61549154,37.48965453
"October","South Dakota",46,2020-10-02,2020-10-23,341,36.07061248,38.68490058
"October","Tennessee",47,2020-10-02,2020-10-23,479,45.35097648,45.23798743
"October","Texas",48,2020-10-02,2020-10-23,622,34.79523462,38.26474302
"October","Utah",49,2020-10-02,2020-10-23,183,42.20472753,49.84156049
"October","Virginia",51,2020-10-02,2020-10-23,399,34.48784006,51.62288173
"October","Vermont",50,2020-10-02,2020-10-23,242,23.40430141,82.98961982
"October","Washington",53,2020-10-02,2020-10-23,466,31.36577203,50.92364431
"October","Wisconsin",55,2020-10-02,2020-10-23,435,27.65192895,38.50227508
"October","West Virginia",54,2020-10-02,2020-10-23,415,47.84448055,46.22530479
"October","Wyoming",56,2020-10-02,2020-10-23,200,42.9855448,44.61714387
"Early November","United States",NA,2020-10-23,2020-11-14,15127,34.50608473,49.16042367
"Early November","Alaska",2,2020-10-23,2020-11-14,232,41.97859646,46.16311511
"Early November","Alabama",1,2020-10-23,2020-11-14,243,51.73650709,51.95251473
"Early November","Arkansas",5,2020-10-23,2020-11-14,320,41.42589001,48.3679376
"Early November","Arizona",4,2020-10-23,2020-11-14,266,38.66809377,39.08821693
"Early November","California",6,2020-10-23,2020-11-14,381,29.40022644,46.34712126
"Early November","Colorado",8,2020-10-23,2020-11-14,340,30.85686527,55.44090221
"Early November","Connecticut",9,2020-10-23,2020-11-14,281,29.14899018,61.996228
"Early November","Delaware",10,2020-10-23,2020-11-14,239,22.17250271,47.83740636
"Early November","Florida",12,2020-10-23,2020-11-14,313,39.22174545,39.35167971
"Early November","Georgia",13,2020-10-23,2020-11-14,249,35.46537188,41.02124336
"Early November","Hawaii",15,2020-10-23,2020-11-14,367,21.47424207,26.82285218
"Early November","Iowa",19,2020-10-23,2020-11-14,338,31.56871536,25.21719467
"Early November","Idaho",16,2020-10-23,2020-11-14,264,41.88443612,36.74767562
"Early November","Illinois",17,2020-10-23,2020-11-14,281,33.09283434,53.13781745
"Early November","Indiana",18,2020-10-23,2020-11-14,232,47.13137432,46.05225073
"Early November","Kansas",20,2020-10-23,2020-11-14,212,35.47758265,42.45903719
"Early November","Kentucky",21,2020-10-23,2020-11-14,323,41.32752689,55.9397286
"Early November","Louisiana",22,2020-10-23,2020-11-14,343,44.83990924,55.03096921
"Early November","Massachusetts",25,2020-10-23,2020-11-14,291,27.20868806,66.2444703
"Early November","Maryland",24,2020-10-23,2020-11-14,258,25.98474553,66.24963221
"Early November","Maine",23,2020-10-23,2020-11-14,457,32.80634579,52.24758562
"Early November","Michigan",26,2020-10-23,2020-11-14,320,37.23972436,53.82042762
"Early November","Minnesota",27,2020-10-23,2020-11-14,413,34.56406864,51.30882375
"Early November","Missouri",29,2020-10-23,2020-11-14,285,40.51697798,34.0249528
"Early November","Mississippi",28,2020-10-23,2020-11-14,312,42.16580545,37.82483953
"Early November","Montana",30,2020-10-23,2020-11-14,342,35.40977736,51.09716145
"Early November","North Carolina",37,2020-10-23,2020-11-14,289,44.79188653,42.76096143
"Early November","North Dakota",38,2020-10-23,2020-11-14,242,43.2770922,47.26947648
"Early November","Nebraska",31,2020-10-23,2020-11-14,285,34.36829822,40.71027954
"Early November","New Hampshire",33,2020-10-23,2020-11-14,241,30.09186695,56.51978494
"Early November","New Jersey",34,2020-10-23,2020-11-14,255,30.15478564,50.66032256
"Early November","New Mexico",35,2020-10-23,2020-11-14,284,34.77191587,53.34153207
"Early November","Nevada",32,2020-10-23,2020-11-14,356,34.3066399,55.84453549
"Early November","New York",36,2020-10-23,2020-11-14,340,26.71892133,56.67297421
"Early November","Ohio",39,2020-10-23,2020-11-14,298,38.94743857,58.00586101
"Early November","Oklahoma",40,2020-10-23,2020-11-14,346,40.53851857,32.51033086
"Early November","Oregon",41,2020-10-23,2020-11-14,292,39.26595855,47.52318795
"Early November","Pennsylvania",42,2020-10-23,2020-11-14,291,34.99508611,49.23201958
"Early November","Rhode Island",44,2020-10-23,2020-11-14,298,27.65871666,55.63450218
"Early November","South Carolina",45,2020-10-23,2020-11-14,369,40.14360067,43.58705108
"Early November","South Dakota",46,2020-10-23,2020-11-14,268,33.88882996,35.29162761
"Early November","Tennessee",47,2020-10-23,2020-11-14,236,40.97695027,34.4922306
"Early November","Texas",48,2020-10-23,2020-11-14,426,32.99020329,39.80532244
"Early November","Utah",49,2020-10-23,2020-11-14,312,36.6757544,36.27394897
"Early November","Virginia",51,2020-10-23,2020-11-14,278,36.85224898,51.85447544
"Early November","Vermont",50,2020-10-23,2020-11-14,200,30.76812056,71.24729856
"Early November","Washington",53,2020-10-23,2020-11-14,247,35.61171825,59.29201607
"Early November","Wisconsin",55,2020-10-23,2020-11-14,260,31.23048677,47.10622445
"Early November","West Virginia",54,2020-10-23,2020-11-14,333,47.1045611,45.91736237
"Early November","Wyoming",56,2020-10-23,2020-11-14,197,49.09819049,47.85774967
"November","United States",NA,2020-11-03,2020-11-30,26642,31.77393563,47.58156962
"November","Alaska",2,2020-11-03,2020-11-30,372,38.59611551,37.94582938
"November","Alabama",1,2020-11-03,2020-11-30,462,46.02426442,46.18562821
"November","Arkansas",5,2020-11-03,2020-11-30,489,36.37214039,35.13916309
"November","Arizona",4,2020-11-03,2020-11-30,529,31.74832462,33.76477829
"November","California",6,2020-11-03,2020-11-30,788,26.83919725,47.05728693
"November","Colorado",8,2020-11-03,2020-11-30,495,30.92710576,48.26700993
"November","Connecticut",9,2020-11-03,2020-11-30,430,20.10293517,63.25317045
"November","Delaware",10,2020-11-03,2020-11-30,427,23.94373927,49.87047349
"November","Florida",12,2020-11-03,2020-11-30,727,34.41928971,38.13284338
"November","Georgia",13,2020-11-03,2020-11-30,607,33.81715982,34.63778387
"November","Hawaii",15,2020-11-03,2020-11-30,386,23.49550302,36.36255104
"November","Iowa",19,2020-11-03,2020-11-30,496,32.13666152,29.49371661
"November","Idaho",16,2020-11-03,2020-11-30,610,33.94866222,33.76094149
"November","Illinois",17,2020-11-03,2020-11-30,574,32.06089599,46.41986179
"November","Indiana",18,2020-11-03,2020-11-30,446,39.91490522,42.98155038
"November","Kansas",20,2020-11-03,2020-11-30,422,30.46896916,52.80722851
"November","Kentucky",21,2020-11-03,2020-11-30,560,39.25659131,55.77193955
"November","Louisiana",22,2020-11-03,2020-11-30,500,40.66761194,49.85853633
"November","Massachusetts",25,2020-11-03,2020-11-30,470,22.27320551,63.00648257
"November","Maryland",24,2020-11-03,2020-11-30,383,28.60694353,65.92773735
"November","Maine",23,2020-11-03,2020-11-30,718,30.28708649,58.47141928
"November","Michigan",26,2020-11-03,2020-11-30,594,33.20522047,54.06969303
"November","Minnesota",27,2020-11-03,2020-11-30,597,34.57475158,54.51332656
"November","Missouri",29,2020-11-03,2020-11-30,538,37.16382681,37.45559652
"November","Mississippi",28,2020-11-03,2020-11-30,568,36.15515178,30.33352739
"November","Montana",30,2020-11-03,2020-11-30,536,36.18965055,46.7134437
"November","North Carolina",37,2020-11-03,2020-11-30,599,32.40561119,51.46790257
"November","North Dakota",38,2020-11-03,2020-11-30,417,34.29512398,31.51281481
"November","Nebraska",31,2020-11-03,2020-11-30,498,31.58936144,36.14733983
"November","New Hampshire",33,2020-11-03,2020-11-30,469,30.92136492,60.21100585
"November","New Jersey",34,2020-11-03,2020-11-30,474,25.92236207,55.74214787
"November","New Mexico",35,2020-11-03,2020-11-30,451,35.1056382,46.28911722
"November","Nevada",32,2020-11-03,2020-11-30,586,26.3015083,47.80405428
"November","New York",36,2020-11-03,2020-11-30,750,31.19305829,61.76048529
"November","Ohio",39,2020-11-03,2020-11-30,568,39.88843467,54.41240003
"November","Oklahoma",40,2020-11-03,2020-11-30,573,36.7310336,34.12685006
"November","Oregon",41,2020-11-03,2020-11-30,514,29.91694288,45.08014085
"November","Pennsylvania",42,2020-11-03,2020-11-30,579,33.06248215,41.4929285
"November","Rhode Island",44,2020-11-03,2020-11-30,557,20.57760119,58.75289781
"November","South Carolina",45,2020-11-03,2020-11-30,573,40.75728318,37.91994152
"November","South Dakota",46,2020-11-03,2020-11-30,453,42.63080926,38.48037176
"November","Tennessee",47,2020-11-03,2020-11-30,461,40.86041043,40.70000619
"November","Texas",48,2020-11-03,2020-11-30,734,35.4155673,37.091502
"November","Utah",49,2020-11-03,2020-11-30,407,35.06517185,38.61953528
"November","Virginia",51,2020-11-03,2020-11-30,488,30.58573802,49.49502261
"November","Vermont",50,2020-11-03,2020-11-30,316,18.0478684,77.39246109
"November","Washington",53,2020-11-03,2020-11-30,537,26.10445507,55.63093926
"November","Wisconsin",55,2020-11-03,2020-11-30,740,28.17629237,47.37497794
"November","West Virginia",54,2020-11-03,2020-11-30,438,47.17806304,51.45001487
"November","Wyoming",56,2020-11-03,2020-11-30,319,44.53270711,43.10344599
"December","United States",NA,2020-12-16,2021-01-10,26113,31.23158311,47.75195388
"December","Alaska",2,2020-12-16,2021-01-10,420,35.76575698,38.34827655
"December","Alabama",1,2020-12-16,2021-01-10,465,44.08034666,45.73194975
"December","Arkansas",5,2020-12-16,2021-01-10,490,38.73623927,40.52116124
"December","Arizona",4,2020-12-16,2021-01-10,478,36.48120061,27.33364981
"December","California",6,2020-12-16,2021-01-10,609,23.92645999,43.2020517
"December","Colorado",8,2020-12-16,2021-01-10,529,28.86138981,52.45034382
"December","Connecticut",9,2020-12-16,2021-01-10,506,27.04463882,59.97174131
"December","Delaware",10,2020-12-16,2021-01-10,550,29.2557643,51.82674797
"December","Florida",12,2020-12-16,2021-01-10,559,33.48501159,37.7289748
"December","Georgia",13,2020-12-16,2021-01-10,493,36.66412642,34.87421069
"December","Hawaii",15,2020-12-16,2021-01-10,619,18.55086286,40.11374211
"December","Iowa",19,2020-12-16,2021-01-10,443,28.53416962,30.32338886
"December","Idaho",16,2020-12-16,2021-01-10,595,37.07739734,29.25890993
"December","Illinois",17,2020-12-16,2021-01-10,542,24.18043085,49.7627008
"December","Indiana",18,2020-12-16,2021-01-10,487,43.35920828,44.11090486
"December","Kansas",20,2020-12-16,2021-01-10,491,32.89310539,49.69009362
"December","Kentucky",21,2020-12-16,2021-01-10,447,39.1167797,54.52026946
"December","Louisiana",22,2020-12-16,2021-01-10,491,43.55901108,46.80287544
"December","Massachusetts",25,2020-12-16,2021-01-10,517,20.68328181,65.06411893
"December","Maryland",24,2020-12-16,2021-01-10,515,25.59670435,65.19791395
"December","Maine",23,2020-12-16,2021-01-10,628,32.03329015,52.92410746
"December","Michigan",26,2020-12-16,2021-01-10,508,35.32824477,52.74156053
"December","Minnesota",27,2020-12-16,2021-01-10,526,29.11098164,55.57555434
"December","Missouri",29,2020-12-16,2021-01-10,495,33.82046281,29.92152209
"December","Mississippi",28,2020-12-16,2021-01-10,518,33.88882687,33.198863
"December","Montana",30,2020-12-16,2021-01-10,563,40.60871024,44.97549091
"December","North Carolina",37,2020-12-16,2021-01-10,534,29.14657899,50.5215671
"December","North Dakota",38,2020-12-16,2021-01-10,518,40.29197484,40.44339636
"December","Nebraska",31,2020-12-16,2021-01-10,602,38.12617817,37.70736621
"December","New Hampshire",33,2020-12-16,2021-01-10,575,27.77431347,57.32940238
"December","New Jersey",34,2020-12-16,2021-01-10,462,28.38992095,54.20760549
"December","New Mexico",35,2020-12-16,2021-01-10,494,26.38889751,50.57380584
"December","Nevada",32,2020-12-16,2021-01-10,498,27.58382801,45.57830348
"December","New York",36,2020-12-16,2021-01-10,540,25.00681801,61.80527426
"December","Ohio",39,2020-12-16,2021-01-10,512,38.77624633,49.26438676
"December","Oklahoma",40,2020-12-16,2021-01-10,519,40.27726731,31.56120754
"December","Oregon",41,2020-12-16,2021-01-10,578,26.82719353,47.07836591
"December","Pennsylvania",42,2020-12-16,2021-01-10,499,34.46769157,43.90167663
"December","Rhode Island",44,2020-12-16,2021-01-10,551,24.10882142,54.0434956
"December","South Carolina",45,2020-12-16,2021-01-10,448,34.33548653,34.83826602
"December","South Dakota",46,2020-12-16,2021-01-10,510,39.51355557,35.44498456
"December","Tennessee",47,2020-12-16,2021-01-10,523,37.57404677,32.78897617
"December","Texas",48,2020-12-16,2021-01-10,565,32.00820724,37.12707453
"December","Utah",49,2020-12-16,2021-01-10,491,34.3591086,39.02292451
"December","Virginia",51,2020-12-16,2021-01-10,465,33.6942256,50.27359266
"December","Vermont",50,2020-12-16,2021-01-10,430,26.33479586,73.55176495
"December","Washington",53,2020-12-16,2021-01-10,556,25.33797521,53.10490791
"December","Wisconsin",55,2020-12-16,2021-01-10,517,31.75346345,45.37945356
"December","West Virginia",54,2020-12-16,2021-01-10,452,46.30296078,52.09855475
"December","Wyoming",56,2020-12-16,2021-01-10,356,45.18002499,38.38212043
"February","United States",NA,2021-02-05,2021-02-28,23348,55.09004681,47.3146278
"February","Alaska",2,2021-02-05,2021-02-28,314,42.42126649,35.87098927
"February","Alabama",1,2021-02-05,2021-02-28,398,49.51587943,52.33031655
"February","Arkansas",5,2021-02-05,2021-02-28,520,38.78348818,44.23387204
"February","Arizona",4,2021-02-05,2021-02-28,420,49.74998132,30.86606191
"February","California",6,2021-02-05,2021-02-28,583,66.89323277,45.27933089
"February","Colorado",8,2021-02-05,2021-02-28,506,48.53759065,50.69230999
"February","Connecticut",9,2021-02-05,2021-02-28,437,54.73960361,56.88890389
"February","Delaware",10,2021-02-05,2021-02-28,412,58.88694262,53.57850892
"February","Florida",12,2021-02-05,2021-02-28,565,57.15973016,36.47853191
"February","Georgia",13,2021-02-05,2021-02-28,492,55.67597469,37.73358333
"February","Hawaii",15,2021-02-05,2021-02-28,390,67.54313789,43.66858493
"February","Iowa",19,2021-02-05,2021-02-28,430,58.21881825,31.32019217
"February","Idaho",16,2021-02-05,2021-02-28,495,41.30380266,33.92679275
"February","Illinois",17,2021-02-05,2021-02-28,507,57.63847631,46.69230778
"February","Indiana",18,2021-02-05,2021-02-28,440,40.5483804,48.8185641
"February","Kansas",20,2021-02-05,2021-02-28,435,47.62821437,45.31183023
"February","Kentucky",21,2021-02-05,2021-02-28,434,42.90193993,51.29484754
"February","Louisiana",22,2021-02-05,2021-02-28,410,41.9325639,45.67438883
"February","Massachusetts",25,2021-02-05,2021-02-28,486,67.90604676,58.9867714
"February","Maryland",24,2021-02-05,2021-02-28,455,61.02429261,62.00185787
"February","Maine",23,2021-02-05,2021-02-28,510,53.92923407,52.85823696
"February","Michigan",26,2021-02-05,2021-02-28,503,51.34462446,52.16503456
"February","Minnesota",27,2021-02-05,2021-02-28,451,49.26511448,51.70046411
"February","Missouri",29,2021-02-05,2021-02-28,440,45.63840482,33.3444751
"February","Mississippi",28,2021-02-05,2021-02-28,466,49.63159785,29.9681155
"February","Montana",30,2021-02-05,2021-02-28,470,43.08416404,39.09752458
"February","North Carolina",37,2021-02-05,2021-02-28,514,55.39647211,49.91862029
"February","North Dakota",38,2021-02-05,2021-02-28,374,36.45487265,38.77801698
"February","Nebraska",31,2021-02-05,2021-02-28,509,46.23694041,37.02697154
"February","New Hampshire",33,2021-02-05,2021-02-28,401,59.18309497,62.51479639
"February","New Jersey",34,2021-02-05,2021-02-28,469,55.7689927,48.28283323
"February","New Mexico",35,2021-02-05,2021-02-28,350,53.25477359,49.41983804
"February","Nevada",32,2021-02-05,2021-02-28,423,53.42258645,45.12154173
"February","New York",36,2021-02-05,2021-02-28,629,63.98204091,55.84498016
"February","Ohio",39,2021-02-05,2021-02-28,560,51.24010574,57.2463324
"February","Oklahoma",40,2021-02-05,2021-02-28,456,37.91717006,35.47208264
"February","Oregon",41,2021-02-05,2021-02-28,478,50.30766825,37.36266132
"February","Pennsylvania",42,2021-02-05,2021-02-28,534,54.51085271,37.99373869
"February","Rhode Island",44,2021-02-05,2021-02-28,400,53.23687219,38.90331116
"February","South Carolina",45,2021-02-05,2021-02-28,422,46.83616155,41.12636593
"February","South Dakota",46,2021-02-05,2021-02-28,464,44.92166681,40.86132487
"February","Tennessee",47,2021-02-05,2021-02-28,486,46.43567551,35.31405113
"February","Texas",48,2021-02-05,2021-02-28,604,52.30998023,43.04264537
"February","Utah",49,2021-02-05,2021-02-28,433,52.66322517,51.14805074
"February","Virginia",51,2021-02-05,2021-02-28,466,56.54666468,45.48594991
"February","Vermont",50,2021-02-05,2021-02-28,337,55.45921822,70.32282197
"February","Washington",53,2021-02-05,2021-02-28,490,60.53281168,55.05678254
"February","Wisconsin",55,2021-02-05,2021-02-28,481,53.51644598,43.92555684
"February","West Virginia",54,2021-02-05,2021-02-28,420,38.24494154,55.05515332
"February","Wyoming",56,2021-02-05,2021-02-28,331,36.17977892,36.59805159
"April","United States",NA,2021-04-01,2021-05-03,23718,59.50231332,52.11402714
"April","Alaska",2,2021-04-01,2021-05-03,225,43.32885112,44.3941033
"April","Alabama",1,2021-04-01,2021-05-03,462,51.76758512,45.47334157
"April","Arkansas",5,2021-04-01,2021-05-03,483,45.93638618,46.46975117
"April","Arizona",4,2021-04-01,2021-05-03,434,55.90492547,38.15394644
"April","California",6,2021-04-01,2021-05-03,808,67.2561039,50.91499487
"April","Colorado",8,2021-04-01,2021-05-03,480,62.68881903,61.25186755
"April","Connecticut",9,2021-04-01,2021-05-03,424,59.77730114,65.14199449
"April","Delaware",10,2021-04-01,2021-05-03,354,62.6646006,57.5407217
"April","Florida",12,2021-04-01,2021-05-03,807,62.13351315,45.02937838
"April","Georgia",13,2021-04-01,2021-05-03,528,58.94437341,43.05327753
"April","Hawaii",15,2021-04-01,2021-05-03,405,54.75357314,37.82361054
"April","Iowa",19,2021-04-01,2021-05-03,396,59.38516138,33.93424311
"April","Idaho",16,2021-04-01,2021-05-03,395,40.47657072,39.72559022
"April","Illinois",17,2021-04-01,2021-05-03,558,61.07795555,51.07709894
"April","Indiana",18,2021-04-01,2021-05-03,455,51.29928919,50.05805325
"April","Kansas",20,2021-04-01,2021-05-03,407,49.36139471,50.25084595
"April","Kentucky",21,2021-04-01,2021-05-03,394,48.34567754,56.2626548
"April","Louisiana",22,2021-04-01,2021-05-03,385,51.45283988,52.98913921
"April","Massachusetts",25,2021-04-01,2021-05-03,475,66.82908042,66.14464962
"April","Maryland",24,2021-04-01,2021-05-03,439,61.49163259,61.44900509
"April","Maine",23,2021-04-01,2021-05-03,519,56.76338087,57.13381318
"April","Michigan",26,2021-04-01,2021-05-03,482,59.40252007,54.74402141
"April","Minnesota",27,2021-04-01,2021-05-03,436,53.92943213,52.75444854
"April","Missouri",29,2021-04-01,2021-05-03,457,46.4300437,41.30669191
"April","Mississippi",28,2021-04-01,2021-05-03,464,55.37099959,44.58811443
"April","Montana",30,2021-04-01,2021-05-03,402,49.07501386,45.0286326
"April","North Carolina",37,2021-04-01,2021-05-03,527,58.15403101,50.1342176
"April","North Dakota",38,2021-04-01,2021-05-03,337,44.76122728,46.20173658
"April","Nebraska",31,2021-04-01,2021-05-03,530,47.51303793,40.81870097
"April","New Hampshire",33,2021-04-01,2021-05-03,536,59.40961628,64.877965
"April","New Jersey",34,2021-04-01,2021-05-03,488,66.78126162,59.55878881
"April","New Mexico",35,2021-04-01,2021-05-03,479,51.3656267,52.74479373
"April","Nevada",32,2021-04-01,2021-05-03,363,57.2752769,50.67013611
"April","New York",36,2021-04-01,2021-05-03,764,70.32037267,58.68410735
"April","Ohio",39,2021-04-01,2021-05-03,568,55.03246483,62.59859012
"April","Oklahoma",40,2021-04-01,2021-05-03,413,45.01134893,47.82291266
"April","Oregon",41,2021-04-01,2021-05-03,392,54.52809076,48.06137244
"April","Pennsylvania",42,2021-04-01,2021-05-03,618,56.76665341,45.28025049
"April","Rhode Island",44,2021-04-01,2021-05-03,377,57.42873612,49.84323277
"April","South Carolina",45,2021-04-01,2021-05-03,430,58.65171334,54.24671902
"April","South Dakota",46,2021-04-01,2021-05-03,356,46.04062895,43.37250731
"April","Tennessee",47,2021-04-01,2021-05-03,461,51.74058791,40.05331731
"April","Texas",48,2021-04-01,2021-05-03,840,61.9260091,44.92372839
"April","Utah",49,2021-04-01,2021-05-03,419,48.82330912,55.74279313
"April","Virginia",51,2021-04-01,2021-05-03,457,66.70693374,61.49064255
"April","Vermont",50,2021-04-01,2021-05-03,302,66.6330651,75.20027481
"April","Washington",53,2021-04-01,2021-05-03,443,57.15009762,56.05316399
"April","Wisconsin",55,2021-04-01,2021-05-03,479,61.85686981,54.08634256
"April","West Virginia",54,2021-04-01,2021-05-03,410,39.65803351,59.95040095
"April","Wyoming",56,2021-04-01,2021-05-03,300,33.00342253,43.98832338
"June","United States",NA,2021-06-09,2021-07-15,22275,57.22484617,52.81454676
"June","Alaska",2,2021-06-09,2021-07-15,239,41.89323867,46.66455916
"June","Alabama",1,2021-06-09,2021-07-15,417,41.79209318,50.20814502
"June","Arkansas",5,2021-06-09,2021-07-15,399,43.88309788,45.60309586
"June","Arizona",4,2021-06-09,2021-07-15,456,47.81928758,35.58751244
"June","California",6,2021-06-09,2021-07-15,773,61.78137464,51.55506611
"June","Colorado",8,2021-06-09,2021-07-15,464,56.7126274,55.46752966
"June","Connecticut",9,2021-06-09,2021-07-15,428,63.2032832,71.0383643
"June","Delaware",10,2021-06-09,2021-07-15,373,55.57234688,53.44998801
"June","Florida",12,2021-06-09,2021-07-15,705,59.33241647,47.40506982
"June","Georgia",13,2021-06-09,2021-07-15,455,55.71011877,41.12537669
"June","Hawaii",15,2021-06-09,2021-07-15,330,52.66334382,42.51368782
"June","Iowa",19,2021-06-09,2021-07-15,424,56.42690522,38.30100425
"June","Idaho",16,2021-06-09,2021-07-15,401,41.98677531,42.43691575
"June","Illinois",17,2021-06-09,2021-07-15,546,62.22750881,54.40993042
"June","Indiana",18,2021-06-09,2021-07-15,413,43.5766184,42.47997194
"June","Kansas",20,2021-06-09,2021-07-15,423,51.77860825,46.58481168
"June","Kentucky",21,2021-06-09,2021-07-15,434,48.52499466,60.58855312
"June","Louisiana",22,2021-06-09,2021-07-15,466,46.74911418,50.52349316
"June","Massachusetts",25,2021-06-09,2021-07-15,386,63.39386825,66.66181765
"June","Maryland",24,2021-06-09,2021-07-15,444,66.02499351,71.09746771
"June","Maine",23,2021-06-09,2021-07-15,431,55.61978006,55.06631054
"June","Michigan",26,2021-06-09,2021-07-15,466,59.07010139,55.44141695
"June","Minnesota",27,2021-06-09,2021-07-15,465,54.11888769,50.26568914
"June","Missouri",29,2021-06-09,2021-07-15,480,48.00355234,35.94875598
"June","Mississippi",28,2021-06-09,2021-07-15,368,48.1647417,37.75113371
"June","Montana",30,2021-06-09,2021-07-15,356,47.61891719,47.48510304
"June","North Carolina",37,2021-06-09,2021-07-15,496,54.04171757,52.37480759
"June","North Dakota",38,2021-06-09,2021-07-15,291,39.23404282,37.77658514
"June","Nebraska",31,2021-06-09,2021-07-15,381,43.35979802,38.52969111
"June","New Hampshire",33,2021-06-09,2021-07-15,386,62.72411385,63.43825924
"June","New Jersey",34,2021-06-09,2021-07-15,436,65.7471543,61.07491685
"June","New Mexico",35,2021-06-09,2021-07-15,372,50.94112578,52.10724156
"June","Nevada",32,2021-06-09,2021-07-15,484,57.06784337,58.75396767
"June","New York",36,2021-06-09,2021-07-15,695,67.43348749,58.24652939
"June","Ohio",39,2021-06-09,2021-07-15,565,53.56202023,58.42773288
"June","Oklahoma",40,2021-06-09,2021-07-15,466,50.17856878,45.28493644
"June","Oregon",41,2021-06-09,2021-07-15,481,55.06020305,47.43335893
"June","Pennsylvania",42,2021-06-09,2021-07-15,490,55.73482207,48.00517867
"June","Rhode Island",44,2021-06-09,2021-07-15,295,61.5602966,59.10652946
"June","South Carolina",45,2021-06-09,2021-07-15,491,52.60483019,46.68920692
"June","South Dakota",46,2021-06-09,2021-07-15,315,48.35593895,45.83533353
"June","Tennessee",47,2021-06-09,2021-07-15,477,46.85171284,50.25176201
"June","Texas",48,2021-06-09,2021-07-15,770,54.73944207,38.94462428
"June","Utah",49,2021-06-09,2021-07-15,382,45.43433207,49.61437597
"June","Virginia",51,2021-06-09,2021-07-15,465,65.85821301,63.55249889
"June","Vermont",50,2021-06-09,2021-07-15,247,63.03350711,80.3948429
"June","Washington",53,2021-06-09,2021-07-15,494,62.91980083,59.15907015
"June","Wisconsin",55,2021-06-09,2021-07-15,481,56.92222936,51.3076987
"June","West Virginia",54,2021-06-09,2021-07-15,343,45.29260661,59.4778783
"June","Wyoming",56,2021-06-09,2021-07-15,206,35.17233494,53.31006929
"September","United States",NA,2021-08-26,2021-09-27,23938,50.5791621,46.20016998
"September","Alaska",2,2021-08-26,2021-09-27,248,31.45932138,32.22815587
"September","Alabama",1,2021-08-26,2021-09-27,439,38.68841136,41.52580642
"September","Arkansas",5,2021-08-26,2021-09-27,510,36.85210056,36.17555061
"September","Arizona",4,2021-08-26,2021-09-27,516,43.24008328,27.77966811
"September","California",6,2021-08-26,2021-09-27,1040,57.29054765,52.802588
"September","Colorado",8,2021-08-26,2021-09-27,458,46.9517024,50.01615139
"September","Connecticut",9,2021-08-26,2021-09-27,371,56.38292553,63.29070695
"September","Delaware",10,2021-08-26,2021-09-27,392,50.67062887,52.89796732
"September","Florida",12,2021-08-26,2021-09-27,683,47.06547308,37.07763412
"September","Georgia",13,2021-08-26,2021-09-27,519,54.90666217,34.47809012
"September","Hawaii",15,2021-08-26,2021-09-27,403,49.0541089,37.09886799
"September","Iowa",19,2021-08-26,2021-09-27,408,46.88775747,28.13294093
"September","Idaho",16,2021-08-26,2021-09-27,467,31.93101412,28.64960104
"September","Illinois",17,2021-08-26,2021-09-27,611,52.17056906,51.5970525
"September","Indiana",18,2021-08-26,2021-09-27,419,41.55380408,42.05800167
"September","Kansas",20,2021-08-26,2021-09-27,382,41.34423947,39.96214012
"September","Kentucky",21,2021-08-26,2021-09-27,428,40.24962534,51.28377326
"September","Louisiana",22,2021-08-26,2021-09-27,352,52.21701738,54.47974819
"September","Massachusetts",25,2021-08-26,2021-09-27,513,59.50269942,63.12075886
"September","Maryland",24,2021-08-26,2021-09-27,479,53.5253451,60.56219519
"September","Maine",23,2021-08-26,2021-09-27,471,44.54594586,52.01326979
"September","Michigan",26,2021-08-26,2021-09-27,563,51.01481673,50.08872994
"September","Minnesota",27,2021-08-26,2021-09-27,453,42.15022428,44.68976417
"September","Missouri",29,2021-08-26,2021-09-27,489,41.13716025,32.57018157
"September","Mississippi",28,2021-08-26,2021-09-27,404,37.87572283,28.97851114
"September","Montana",30,2021-08-26,2021-09-27,380,39.82337891,40.26669866
"September","North Carolina",37,2021-08-26,2021-09-27,515,54.2043138,46.39847206
"September","North Dakota",38,2021-08-26,2021-09-27,343,34.70029493,41.12235144
"September","Nebraska",31,2021-08-26,2021-09-27,445,41.223503,37.5438486
"September","New Hampshire",33,2021-08-26,2021-09-27,397,57.00684319,54.17328304
"September","New Jersey",34,2021-08-26,2021-09-27,469,60.02971303,56.61827031
"September","New Mexico",35,2021-08-26,2021-09-27,432,45.09726816,48.68417673
"September","Nevada",32,2021-08-26,2021-09-27,446,44.21690365,45.9137064
"September","New York",36,2021-08-26,2021-09-27,916,56.97448721,54.98788447
"September","Ohio",39,2021-08-26,2021-09-27,580,48.97969984,47.85669077
"September","Oklahoma",40,2021-08-26,2021-09-27,446,36.41238908,32.25267085
"September","Oregon",41,2021-08-26,2021-09-27,495,49.21081526,41.9945688
"September","Pennsylvania",42,2021-08-26,2021-09-27,539,48.45530061,41.41987743
"September","Rhode Island",44,2021-08-26,2021-09-27,330,51.62982316,50.75367855
"September","South Carolina",45,2021-08-26,2021-09-27,413,42.46038532,34.49928009
"September","South Dakota",46,2021-08-26,2021-09-27,324,38.07131033,38.33575532
"September","Tennessee",47,2021-08-26,2021-09-27,462,40.41585967,30.97629342
"September","Texas",48,2021-08-26,2021-09-27,756,46.85792841,31.84131016
"September","Utah",49,2021-08-26,2021-09-27,437,44.8697967,43.98738349
"September","Virginia",51,2021-08-26,2021-09-27,527,56.82600095,51.44023071
"September","Vermont",50,2021-08-26,2021-09-27,247,52.72867527,69.81401461
"September","Washington",53,2021-08-26,2021-09-27,550,59.40951353,55.90198693
"September","Wisconsin",55,2021-08-26,2021-09-27,499,51.6730519,42.51063277
"September","West Virginia",54,2021-08-26,2021-09-27,421,36.43597436,50.50814344
"September","Wyoming",56,2021-08-26,2021-09-27,252,35.6282459,41.59472643
"November21","United States",NA,2021-11-03,2021-12-02,24623,45.07988458,44.68057066
"November21","Alaska",2,2021-11-03,2021-12-02,258,23.06465847,25.74340365
"November21","Alabama",1,2021-11-03,2021-12-02,412,34.42637195,42.36386305
"November21","Arkansas",5,2021-11-03,2021-12-02,350,30.65233665,31.95985559
"November21","Arizona",4,2021-11-03,2021-12-02,518,40.95578821,29.75136653
"November21","California",6,2021-11-03,2021-12-02,1347,51.97505548,51.21417846
"November21","Colorado",8,2021-11-03,2021-12-02,523,46.45555974,47.62058005
"November21","Connecticut",9,2021-11-03,2021-12-02,341,45.68716843,59.78139646
"November21","Delaware",10,2021-11-03,2021-12-02,373,44.31510476,44.32792856
"November21","Florida",12,2021-11-03,2021-12-02,942,46.90795622,40.61882493
"November21","Georgia",13,2021-11-03,2021-12-02,667,43.11783343,35.86542919
"November21","Hawaii",15,2021-11-03,2021-12-02,390,40.68928582,39.45198688
"November21","Iowa",19,2021-11-03,2021-12-02,357,38.83186586,31.20015598
"November21","Idaho",16,2021-11-03,2021-12-02,416,31.22146412,27.17158206
"November21","Illinois",17,2021-11-03,2021-12-02,667,47.56381278,51.42928488
"November21","Indiana",18,2021-11-03,2021-12-02,455,35.5271376,37.94348198
"November21","Kansas",20,2021-11-03,2021-12-02,366,38.00009639,41.03593629
"November21","Kentucky",21,2021-11-03,2021-12-02,429,31.20309406,42.68372852
"November21","Louisiana",22,2021-11-03,2021-12-02,362,32.29527794,39.60361059
"November21","Massachusetts",25,2021-11-03,2021-12-02,476,51.69919256,55.42328593
"November21","Maryland",24,2021-11-03,2021-12-02,452,55.26104378,60.36385939
"November21","Maine",23,2021-11-03,2021-12-02,430,41.77764972,47.53669648
"November21","Michigan",26,2021-11-03,2021-12-02,560,44.50693438,44.10777913
"November21","Minnesota",27,2021-11-03,2021-12-02,438,46.95398533,52.05813827
"November21","Missouri",29,2021-11-03,2021-12-02,482,36.91715406,31.5941143
"November21","Mississippi",28,2021-11-03,2021-12-02,357,37.37855279,34.46024904
"November21","Montana",30,2021-11-03,2021-12-02,365,38.08186978,34.83347174
"November21","North Carolina",37,2021-11-03,2021-12-02,591,42.91105864,45.70014952
"November21","North Dakota",38,2021-11-03,2021-12-02,357,30.03110325,27.39732221
"November21","Nebraska",31,2021-11-03,2021-12-02,338,36.06504879,35.42127332
"November21","New Hampshire",33,2021-11-03,2021-12-02,318,44.70575749,41.28312375
"November21","New Jersey",34,2021-11-03,2021-12-02,606,51.06446377,55.28251029
"November21","New Mexico",35,2021-11-03,2021-12-02,361,49.4650864,46.56198364
"November21","Nevada",32,2021-11-03,2021-12-02,373,42.97504408,40.96890081
"November21","New York",36,2021-11-03,2021-12-02,1047,48.61273428,49.79595473
"November21","Ohio",39,2021-11-03,2021-12-02,670,38.37536892,44.50881443
"November21","Oklahoma",40,2021-11-03,2021-12-02,380,35.67651679,34.87062766
"November21","Oregon",41,2021-11-03,2021-12-02,404,46.1414373,43.68452122
"November21","Pennsylvania",42,2021-11-03,2021-12-02,680,45.73126946,44.35637099
"November21","Rhode Island",44,2021-11-03,2021-12-02,337,41.14830628,49.27229055
"November21","South Carolina",45,2021-11-03,2021-12-02,431,38.19985049,37.55738022
"November21","South Dakota",46,2021-11-03,2021-12-02,282,36.98251824,29.63587299
"November21","Tennessee",47,2021-11-03,2021-12-02,480,38.72368364,34.29247445
"November21","Texas",48,2021-11-03,2021-12-02,1040,42.59466584,36.03673804
"November21","Utah",49,2021-11-03,2021-12-02,379,35.98418664,37.1225472
"November21","Virginia",51,2021-11-03,2021-12-02,624,51.77542128,50.89474086
"November21","Vermont",50,2021-11-03,2021-12-02,286,50.66690896,66.07927706
"November21","Washington",53,2021-11-03,2021-12-02,532,48.95765025,50.12337283
"November21","Wisconsin",55,2021-11-03,2021-12-02,464,40.71700644,38.63855557
"November21","West Virginia",54,2021-11-03,2021-12-02,355,25.79667764,37.52977796
"November21","Wyoming",56,2021-11-03,2021-12-02,276,19.58084994,31.31080374
"January22","United States",NA,2021-12-22,2022-01-24,25358,38.26907259,38.54837045
"January22","Alaska",2,2021-12-22,2022-01-24,333,27.0585059,24.4865055
"January22","Alabama",1,2021-12-22,2022-01-24,426,30.53504755,33.60009791
"January22","Arkansas",5,2021-12-22,2022-01-24,410,28.42949133,33.13769967
"January22","Arizona",4,2021-12-22,2022-01-24,469,34.34082366,24.53850718
"January22","California",6,2021-12-22,2022-01-24,1107,42.99922375,42.94096713
"January22","Colorado",8,2021-12-22,2022-01-24,510,35.51045275,40.42705026
"January22","Connecticut",9,2021-12-22,2022-01-24,406,41.14973344,48.70546994
"January22","Delaware",10,2021-12-22,2022-01-24,466,37.43292016,41.63523957
"January22","Florida",12,2021-12-22,2022-01-24,701,41.01302655,35.50159533
"January22","Georgia",13,2021-12-22,2022-01-24,603,37.70776661,29.2910213
"January22","Hawaii",15,2021-12-22,2022-01-24,482,38.76421085,29.55777965
"January22","Iowa",19,2021-12-22,2022-01-24,430,37.83368948,25.7001767
"January22","Idaho",16,2021-12-22,2022-01-24,462,21.74198721,28.93355295
"January22","Illinois",17,2021-12-22,2022-01-24,641,37.96696131,40.27659103
"January22","Indiana",18,2021-12-22,2022-01-24,494,31.62788749,27.67583871
"January22","Kansas",20,2021-12-22,2022-01-24,408,32.55184497,34.94554598
"January22","Kentucky",21,2021-12-22,2022-01-24,449,32.50707716,46.19084227
"January22","Louisiana",22,2021-12-22,2022-01-24,414,32.10160267,36.98782492
"January22","Massachusetts",25,2021-12-22,2022-01-24,497,43.62771386,48.36455765
"January22","Maryland",24,2021-12-22,2022-01-24,482,43.65042591,54.07000559
"January22","Maine",23,2021-12-22,2022-01-24,446,36.78630717,39.37552034
"January22","Michigan",26,2021-12-22,2022-01-24,576,38.00897123,38.29040631
"January22","Minnesota",27,2021-12-22,2022-01-24,476,36.31651849,39.57708668
"January22","Missouri",29,2021-12-22,2022-01-24,523,32.23688542,27.3250631
"January22","Mississippi",28,2021-12-22,2022-01-24,370,31.06223227,22.07209553
"January22","Montana",30,2021-12-22,2022-01-24,430,33.3935662,36.84496062
"January22","North Carolina",37,2021-12-22,2022-01-24,620,38.33228491,40.48606235
"January22","North Dakota",38,2021-12-22,2022-01-24,421,28.1004589,28.72226128
"January22","Nebraska",31,2021-12-22,2022-01-24,399,25.81967787,31.26371641
"January22","New Hampshire",33,2021-12-22,2022-01-24,342,36.43723199,39.46642741
"January22","New Jersey",34,2021-12-22,2022-01-24,534,45.40633749,47.94152566
"January22","New Mexico",35,2021-12-22,2022-01-24,448,38.84951438,41.78590301
"January22","Nevada",32,2021-12-22,2022-01-24,447,32.78219312,36.9964904
"January22","New York",36,2021-12-22,2022-01-24,1046,47.08734339,46.78151894
"January22","Ohio",39,2021-12-22,2022-01-24,563,32.16128346,32.86202629
"January22","Oklahoma",40,2021-12-22,2022-01-24,445,27.99533304,30.5272154
"January22","Oregon",41,2021-12-22,2022-01-24,456,35.99842809,32.3887039
"January22","Pennsylvania",42,2021-12-22,2022-01-24,616,39.38888875,37.83892055
"January22","Rhode Island",44,2021-12-22,2022-01-24,436,36.00041384,34.06259449
"January22","South Carolina",45,2021-12-22,2022-01-24,445,26.21870245,34.50051279
"January22","South Dakota",46,2021-12-22,2022-01-24,420,32.7290002,37.36609707
"January22","Tennessee",47,2021-12-22,2022-01-24,494,31.78108097,31.26374062
"January22","Texas",48,2021-12-22,2022-01-24,792,35.7639741,30.35648239
"January22","Utah",49,2021-12-22,2022-01-24,412,33.97723933,34.94484846
"January22","Virginia",51,2021-12-22,2022-01-24,523,41.25574868,36.34366744
"January22","Vermont",50,2021-12-22,2022-01-24,356,41.51193082,51.19284322
"January22","Washington",53,2021-12-22,2022-01-24,522,41.75133685,41.87838117
"January22","Wisconsin",55,2021-12-22,2022-01-24,466,42.30053904,38.13341623
"January22","West Virginia",54,2021-12-22,2022-01-24,404,27.24898271,38.68348629
"January22","Wyoming",56,2021-12-22,2022-01-24,391,23.19927618,33.42854928
"March22","United States",NA,2022-03-02,2022-04-09,23376,37.75743667,39.38945061
"March22","Alaska",2,2022-03-02,2022-04-09,290,28.63762737,27.36750179
"March22","Alabama",1,2022-03-02,2022-04-09,443,26.04882561,29.05781688
"March22","Arkansas",5,2022-03-02,2022-04-09,379,30.90453892,34.18211472
"March22","Arizona",4,2022-03-02,2022-04-09,494,38.83923962,27.36927567
"March22","California",6,2022-03-02,2022-04-09,946,42.33571341,42.57883494
"March22","Colorado",8,2022-03-02,2022-04-09,466,34.73827328,38.28478567
"March22","Connecticut",9,2022-03-02,2022-04-09,427,37.47782549,49.31746101
"March22","Delaware",10,2022-03-02,2022-04-09,417,38.02813704,43.08104911
"March22","Florida",12,2022-03-02,2022-04-09,579,39.9993913,37.1886474
"March22","Georgia",13,2022-03-02,2022-04-09,501,36.36082679,30.22697702
"March22","Hawaii",15,2022-03-02,2022-04-09,432,41.19852826,35.96365024
"March22","Iowa",19,2022-03-02,2022-04-09,415,30.13838412,28.94482977
"March22","Idaho",16,2022-03-02,2022-04-09,417,22.49875857,29.02126163
"March22","Illinois",17,2022-03-02,2022-04-09,599,40.32880837,45.43530773
"March22","Indiana",18,2022-03-02,2022-04-09,472,27.36299801,32.40452224
"March22","Kansas",20,2022-03-02,2022-04-09,383,29.44566182,30.77114265
"March22","Kentucky",21,2022-03-02,2022-04-09,449,30.78224814,46.34485847
"March22","Louisiana",22,2022-03-02,2022-04-09,381,31.47768051,42.92748765
"March22","Massachusetts",25,2022-03-02,2022-04-09,498,45.00689076,53.0355641
"March22","Maryland",24,2022-03-02,2022-04-09,450,44.6809287,55.89413538
"March22","Maine",23,2022-03-02,2022-04-09,433,31.6313767,41.82859511
"March22","Michigan",26,2022-03-02,2022-04-09,587,39.20052428,42.99627378
"March22","Minnesota",27,2022-03-02,2022-04-09,476,36.50900246,42.02094346
"March22","Missouri",29,2022-03-02,2022-04-09,493,31.63027398,26.22423663
"March22","Mississippi",28,2022-03-02,2022-04-09,407,31.5224656,27.90395849
"March22","Montana",30,2022-03-02,2022-04-09,387,32.11147454,31.89238576
"March22","North Carolina",37,2022-03-02,2022-04-09,526,35.05724403,39.36912482
"March22","North Dakota",38,2022-03-02,2022-04-09,335,25.85754252,38.39462084
"March22","Nebraska",31,2022-03-02,2022-04-09,412,25.5150746,28.83627894
"March22","New Hampshire",33,2022-03-02,2022-04-09,380,40.89678116,44.04673447
"March22","New Jersey",34,2022-03-02,2022-04-09,490,46.09504801,51.79572257
"March22","New Mexico",35,2022-03-02,2022-04-09,384,34.76091332,36.86444527
"March22","Nevada",32,2022-03-02,2022-04-09,407,36.29361543,39.56320004
"March22","New York",36,2022-03-02,2022-04-09,777,44.39235228,42.57164732
"March22","Ohio",39,2022-03-02,2022-04-09,542,36.43873314,39.46936308
"March22","Oklahoma",40,2022-03-02,2022-04-09,415,26.14256212,22.59960884
"March22","Oregon",41,2022-03-02,2022-04-09,471,37.84661036,37.82336311
"March22","Pennsylvania",42,2022-03-02,2022-04-09,540,36.54855449,36.11538044
"March22","Rhode Island",44,2022-03-02,2022-04-09,398,38.73678724,41.21010866
"March22","South Carolina",45,2022-03-02,2022-04-09,412,34.31847471,32.5258595
"March22","South Dakota",46,2022-03-02,2022-04-09,381,28.21110601,40.62057691
"March22","Tennessee",47,2022-03-02,2022-04-09,506,28.15099303,27.50764426
"March22","Texas",48,2022-03-02,2022-04-09,634,34.10443018,30.00625599
"March22","Utah",49,2022-03-02,2022-04-09,402,30.14569279,34.23786901
"March22","Virginia",51,2022-03-02,2022-04-09,508,38.02921906,29.68072917
"March22","Vermont",50,2022-03-02,2022-04-09,307,37.47345346,58.66145753
"March22","Washington",53,2022-03-02,2022-04-09,499,44.30309467,45.1033984
"March22","Wisconsin",55,2022-03-02,2022-04-09,496,42.00093796,41.44033744
"March22","West Virginia",54,2022-03-02,2022-04-09,389,23.46372732,38.99089202
"March22","Wyoming",56,2022-03-02,2022-04-09,295,15.80187188,39.28103065
"June22","United States",NA,2022-06-08,2022-07-05,24625,35.36998674,38.25777443
"June22","Alaska",2,2022-06-08,2022-07-05,243,17.41011167,28.96119092
"June22","Alabama",1,2022-06-08,2022-07-05,465,24.72760198,31.46128692
"June22","Arkansas",5,2022-06-08,2022-07-05,412,23.10484455,25.788674
"June22","Arizona",4,2022-06-08,2022-07-05,548,29.53585616,23.19029465
"June22","California",6,2022-06-08,2022-07-05,1027,40.58707597,42.56438699
"June22","Colorado",8,2022-06-08,2022-07-05,474,36.02349569,39.30776554
"June22","Connecticut",9,2022-06-08,2022-07-05,463,36.8610448,50.16201972
"June22","Delaware",10,2022-06-08,2022-07-05,381,40.19735858,44.90917751
"June22","Florida",12,2022-06-08,2022-07-05,610,34.43741835,35.28844072
"June22","Georgia",13,2022-06-08,2022-07-05,556,33.72700945,29.54442556
"June22","Hawaii",15,2022-06-08,2022-07-05,401,34.32398865,41.24166357
"June22","Iowa",19,2022-06-08,2022-07-05,438,30.41981695,31.26220576
"June22","Idaho",16,2022-06-08,2022-07-05,429,23.80795389,32.88222985
"June22","Illinois",17,2022-06-08,2022-07-05,660,37.6810918,40.48880541
"June22","Indiana",18,2022-06-08,2022-07-05,499,27.28229514,29.79930198
"June22","Kansas",20,2022-06-08,2022-07-05,421,26.65999852,32.64171617
"June22","Kentucky",21,2022-06-08,2022-07-05,477,31.10955153,43.79743184
"June22","Louisiana",22,2022-06-08,2022-07-05,431,28.09981014,33.47780203
"June22","Massachusetts",25,2022-06-08,2022-07-05,499,43.35675585,53.46929201
"June22","Maryland",24,2022-06-08,2022-07-05,531,41.61292694,52.45415936
"June22","Maine",23,2022-06-08,2022-07-05,408,28.86661497,36.52158608
"June22","Michigan",26,2022-06-08,2022-07-05,623,34.13478729,39.18923947
"June22","Minnesota",27,2022-06-08,2022-07-05,521,39.16246492,43.39187403
"June22","Missouri",29,2022-06-08,2022-07-05,509,31.77068095,26.64805219
"June22","Mississippi",28,2022-06-08,2022-07-05,405,26.75369437,33.99249066
"June22","Montana",30,2022-06-08,2022-07-05,318,27.70265202,30.84125419
"June22","North Carolina",37,2022-06-08,2022-07-05,624,29.780055,32.61468994
"June22","North Dakota",38,2022-06-08,2022-07-05,359,22.05738137,24.77643189
"June22","Nebraska",31,2022-06-08,2022-07-05,422,26.53644144,27.19941272
"June22","New Hampshire",33,2022-06-08,2022-07-05,387,43.28826828,42.57263421
"June22","New Jersey",34,2022-06-08,2022-07-05,526,45.14701802,49.99029379
"June22","New Mexico",35,2022-06-08,2022-07-05,449,34.90838297,42.61262965
"June22","Nevada",32,2022-06-08,2022-07-05,446,33.66259472,36.74765492
"June22","New York",36,2022-06-08,2022-07-05,952,41.06676398,41.75484862
"June22","Ohio",39,2022-06-08,2022-07-05,561,29.07011916,36.57661048
"June22","Oklahoma",40,2022-06-08,2022-07-05,436,25.62531031,26.57728034
"June22","Oregon",41,2022-06-08,2022-07-05,490,35.44552119,37.94250271
"June22","Pennsylvania",42,2022-06-08,2022-07-05,587,36.46346825,37.96143791
"June22","Rhode Island",44,2022-06-08,2022-07-05,365,31.56956927,39.75528455
"June22","South Carolina",45,2022-06-08,2022-07-05,471,30.90909559,35.56988811
"June22","South Dakota",46,2022-06-08,2022-07-05,279,33.75064818,33.02200269
"June22","Tennessee",47,2022-06-08,2022-07-05,511,27.39062877,25.91837788
"June22","Texas",48,2022-06-08,2022-07-05,653,33.45537434,29.78083872
"June22","Utah",49,2022-06-08,2022-07-05,431,25.64629204,35.44811888
"June22","Virginia",51,2022-06-08,2022-07-05,558,34.57580639,32.68212923
"June22","Vermont",50,2022-06-08,2022-07-05,273,31.35732477,50.20466829
"June22","Washington",53,2022-06-08,2022-07-05,559,41.16770808,44.30460733
"June22","Wisconsin",55,2022-06-08,2022-07-05,519,40.00355511,40.05421273
"June22","West Virginia",54,2022-06-08,2022-07-05,408,19.94245047,36.17064933
"June22","Wyoming",56,2022-06-08,2022-07-05,271,14.91214952,31.64869606
"August22","United States",NA,2022-08-11,2022-09-11,26557,37.52890917,39.43348265
"August22","Alaska",2,2022-08-11,2022-09-11,354,25.16408231,33.80763891
"August22","Alabama",1,2022-08-11,2022-09-11,464,28.37354295,34.53802211
"August22","Arkansas",5,2022-08-11,2022-09-11,412,23.9884318,22.40046376
"August22","Arizona",4,2022-08-11,2022-09-11,532,32.90561172,26.78925626
"August22","California",6,2022-08-11,2022-09-11,1367,39.42614401,40.67949699
"August22","Colorado",8,2022-08-11,2022-09-11,430,36.98221326,47.21417637
"August22","Connecticut",9,2022-08-11,2022-09-11,419,47.57547796,51.75388927
"August22","Delaware",10,2022-08-11,2022-09-11,423,39.32680003,43.6372154
"August22","Florida",12,2022-08-11,2022-09-11,1002,33.84723757,34.93018444
"August22","Georgia",13,2022-08-11,2022-09-11,649,33.58076603,34.06187439
"August22","Hawaii",15,2022-08-11,2022-09-11,383,34.95036745,34.75967042
"August22","Iowa",19,2022-08-11,2022-09-11,437,32.67451917,37.03997774
"August22","Idaho",16,2022-08-11,2022-09-11,428,24.54033908,25.23036021
"August22","Illinois",17,2022-08-11,2022-09-11,686,37.17999436,41.34791851
"August22","Indiana",18,2022-08-11,2022-09-11,508,32.7105435,33.28665576
"August22","Kansas",20,2022-08-11,2022-09-11,408,31.22422802,35.82240081
"August22","Kentucky",21,2022-08-11,2022-09-11,440,35.75633057,47.44344048
"August22","Louisiana",22,2022-08-11,2022-09-11,408,31.05747192,29.97767062
"August22","Massachusetts",25,2022-08-11,2022-09-11,542,48.84786198,53.45000715
"August22","Maryland",24,2022-08-11,2022-09-11,530,48.44360164,56.7396048
"August22","Maine",23,2022-08-11,2022-09-11,463,31.59662042,43.19011199
"August22","Michigan",26,2022-08-11,2022-09-11,557,39.6377796,47.94304036
"August22","Minnesota",27,2022-08-11,2022-09-11,433,36.93731495,46.42824346
"August22","Missouri",29,2022-08-11,2022-09-11,537,34.63757552,29.49258398
"August22","Mississippi",28,2022-08-11,2022-09-11,433,35.48746092,29.12129255
"August22","Montana",30,2022-08-11,2022-09-11,412,34.46815634,30.67027151
"August22","North Carolina",37,2022-08-11,2022-09-11,671,37.96788795,39.45391913
"August22","North Dakota",38,2022-08-11,2022-09-11,403,22.33959454,31.97246373
"August22","Nebraska",31,2022-08-11,2022-09-11,398,27.66281881,27.72990984
"August22","New Hampshire",33,2022-08-11,2022-09-11,374,35.03025711,45.87185651
"August22","New Jersey",34,2022-08-11,2022-09-11,602,44.05040147,47.18392894
"August22","New Mexico",35,2022-08-11,2022-09-11,429,35.32605424,43.35433021
"August22","Nevada",32,2022-08-11,2022-09-11,439,30.36731807,30.96128911
"August22","New York",36,2022-08-11,2022-09-11,949,42.2462293,40.95618596
"August22","Ohio",39,2022-08-11,2022-09-11,723,32.59931128,39.91583811
"August22","Oklahoma",40,2022-08-11,2022-09-11,435,30.43503227,22.86576428
"August22","Oregon",41,2022-08-11,2022-09-11,430,39.3180084,32.97617226
"August22","Pennsylvania",42,2022-08-11,2022-09-11,700,36.09159058,37.86890557
"August22","Rhode Island",44,2022-08-11,2022-09-11,425,37.53540321,44.76203531
"August22","South Carolina",45,2022-08-11,2022-09-11,508,32.80849894,35.62776672
"August22","South Dakota",46,2022-08-11,2022-09-11,397,23.55587852,39.10652628
"August22","Tennessee",47,2022-08-11,2022-09-11,547,28.81269835,30.40372296
"August22","Texas",48,2022-08-11,2022-09-11,1076,32.14247963,29.46276218
"August22","Utah",49,2022-08-11,2022-09-11,373,32.68782266,30.85628561
"August22","Virginia",51,2022-08-11,2022-09-11,578,38.82089577,35.57838129
"August22","Vermont",50,2022-08-11,2022-09-11,297,38.89450071,57.09055483
"August22","Washington",53,2022-08-11,2022-09-11,559,42.1652002,44.40123606
"August22","Wisconsin",55,2022-08-11,2022-09-11,497,39.70562216,39.86636618
"August22","West Virginia",54,2022-08-11,2022-09-11,397,23.96786938,43.26715182
"August22","Wyoming",56,2022-08-11,2022-09-11,331,26.58879928,40.53132263
"October22","United States",NA,2022-10-06,2022-11-09,25964,38.11310436,41.56971871
"October22","Alaska",2,2022-10-06,2022-11-09,375,26.66988019,32.60446763
"October22","Alabama",1,2022-10-06,2022-11-09,442,26.59804924,35.58424944
"October22","Arkansas",5,2022-10-06,2022-11-09,406,28.71303603,36.25302467
"October22","Arizona",4,2022-10-06,2022-11-09,479,37.74018272,26.14091588
"October22","California",6,2022-10-06,2022-11-09,1268,42.62237319,46.78922582
"October22","Colorado",8,2022-10-06,2022-11-09,504,36.42474587,49.62828538
"October22","Connecticut",9,2022-10-06,2022-11-09,422,38.45524347,48.40010109
"October22","Delaware",10,2022-10-06,2022-11-09,423,38.40908098,41.15631123
"October22","Florida",12,2022-10-06,2022-11-09,826,39.66036752,41.10676098
"October22","Georgia",13,2022-10-06,2022-11-09,599,36.37774155,37.34773413
"October22","Hawaii",15,2022-10-06,2022-11-09,423,44.2800627,47.01526676
"October22","Iowa",19,2022-10-06,2022-11-09,419,32.21789043,32.24104149
"October22","Idaho",16,2022-10-06,2022-11-09,437,27.54418761,32.0113316
"October22","Illinois",17,2022-10-06,2022-11-09,578,43.81976227,47.29346958
"October22","Indiana",18,2022-10-06,2022-11-09,498,30.64906224,37.84287245
"October22","Kansas",20,2022-10-06,2022-11-09,401,29.17308803,36.43945018
"October22","Kentucky",21,2022-10-06,2022-11-09,475,30.93116643,39.61629933
"October22","Louisiana",22,2022-10-06,2022-11-09,413,32.63623098,41.11993362
"October22","Massachusetts",25,2022-10-06,2022-11-09,484,44.75197541,53.16620169
"October22","Maryland",24,2022-10-06,2022-11-09,508,47.71722645,59.07317938
"October22","Maine",23,2022-10-06,2022-11-09,441,30.6479439,41.77344158
"October22","Michigan",26,2022-10-06,2022-11-09,568,42.90244179,50.17129065
"October22","Minnesota",27,2022-10-06,2022-11-09,490,39.44964218,43.30466129
"October22","Missouri",29,2022-10-06,2022-11-09,510,35.20755875,29.50123174
"October22","Mississippi",28,2022-10-06,2022-11-09,438,37.11057107,32.51187194
"October22","Montana",30,2022-10-06,2022-11-09,431,30.91808357,32.21316218
"October22","North Carolina",37,2022-10-06,2022-11-09,586,35.76407546,38.43200397
"October22","North Dakota",38,2022-10-06,2022-11-09,443,25.18870286,37.78401961
"October22","Nebraska",31,2022-10-06,2022-11-09,393,29.87119617,30.22239545
"October22","New Hampshire",33,2022-10-06,2022-11-09,368,35.86647636,46.21036948
"October22","New Jersey",34,2022-10-06,2022-11-09,525,42.06007571,50.75366631
"October22","New Mexico",35,2022-10-06,2022-11-09,467,35.76931645,45.27411802
"October22","Nevada",32,2022-10-06,2022-11-09,439,36.85970839,42.3291935
"October22","New York",36,2022-10-06,2022-11-09,965,44.45867939,44.99775469
"October22","Ohio",39,2022-10-06,2022-11-09,621,31.10093146,39.32821823
"October22","Oklahoma",40,2022-10-06,2022-11-09,478,30.23362327,26.79355972
"October22","Oregon",41,2022-10-06,2022-11-09,485,35.14841792,34.33032429
"October22","Pennsylvania",42,2022-10-06,2022-11-09,683,37.58254185,39.3158789
"October22","Rhode Island",44,2022-10-06,2022-11-09,419,37.6522947,44.63362061
"October22","South Carolina",45,2022-10-06,2022-11-09,454,36.05044625,39.24060427
"October22","South Dakota",46,2022-10-06,2022-11-09,398,23.09795821,41.61936338
"October22","Tennessee",47,2022-10-06,2022-11-09,482,33.69370478,33.72595947
"October22","Texas",48,2022-10-06,2022-11-09,981,32.0103503,30.49772227
"October22","Utah",49,2022-10-06,2022-11-09,398,27.41039911,34.24348305
"October22","Virginia",51,2022-10-06,2022-11-09,605,39.74276419,40.3513186
"October22","Vermont",50,2022-10-06,2022-11-09,391,35.21512234,56.37832222
"October22","Washington",53,2022-10-06,2022-11-09,514,41.06192154,45.50903776
"October22","Wisconsin",55,2022-10-06,2022-11-09,470,39.46086839,43.69049984
"October22","West Virginia",54,2022-10-06,2022-11-09,386,28.40775419,42.60357042
"October22","Wyoming",56,2022-10-06,2022-11-09,412,16.53652957,36.55164836
"January23","United States",NA,2022-12-22,2023-01-17,24957,38.94334296,42.60560233
"January23","Alaska",2,2022-12-22,2023-01-17,321,21.81594609,31.95927592
"January23","Alabama",1,2022-12-22,2023-01-17,416,25.39867825,37.44486074
"January23","Arkansas",5,2022-12-22,2023-01-17,377,28.03856183,33.53742942
"January23","Arizona",4,2022-12-22,2023-01-17,488,38.68186941,31.69090582
"January23","California",6,2022-12-22,2023-01-17,1423,48.73093304,49.97424474
"January23","Colorado",8,2022-12-22,2023-01-17,456,37.29057063,47.7669875
"January23","Connecticut",9,2022-12-22,2023-01-17,423,45.92479486,56.38869417
"January23","Delaware",10,2022-12-22,2023-01-17,401,38.78996433,40.82452003
"January23","Florida",12,2022-12-22,2023-01-17,699,39.45971794,45.31812901
"January23","Georgia",13,2022-12-22,2023-01-17,569,32.31001606,42.41664464
"January23","Hawaii",15,2022-12-22,2023-01-17,435,34.66327284,42.23630072
"January23","Iowa",19,2022-12-22,2023-01-17,413,35.4786176,38.3401849
"January23","Idaho",16,2022-12-22,2023-01-17,454,24.06006189,30.62871716
"January23","Illinois",17,2022-12-22,2023-01-17,576,43.95793106,46.15643661
"January23","Indiana",18,2022-12-22,2023-01-17,463,32.56832295,38.33931196
"January23","Kansas",20,2022-12-22,2023-01-17,402,30.71957852,40.8660105
"January23","Kentucky",21,2022-12-22,2023-01-17,413,34.22200883,49.38549906
"January23","Louisiana",22,2022-12-22,2023-01-17,448,37.16573965,39.35070435
"January23","Massachusetts",25,2022-12-22,2023-01-17,604,44.68567671,54.85602629
"January23","Maryland",24,2022-12-22,2023-01-17,540,43.3297845,55.41329208
"January23","Maine",23,2022-12-22,2023-01-17,435,32.9150096,45.36916859
"January23","Michigan",26,2022-12-22,2023-01-17,640,42.96154655,48.21753284
"January23","Minnesota",27,2022-12-22,2023-01-17,482,40.06151111,45.40030928
"January23","Missouri",29,2022-12-22,2023-01-17,517,32.05160958,30.04299275
"January23","Mississippi",28,2022-12-22,2023-01-17,435,36.66396324,30.00972641
"January23","Montana",30,2022-12-22,2023-01-17,426,24.92910483,34.79572296
"January23","North Carolina",37,2022-12-22,2023-01-17,501,36.07339656,38.13810779
"January23","North Dakota",38,2022-12-22,2023-01-17,389,22.63443832,39.69879667
"January23","Nebraska",31,2022-12-22,2023-01-17,384,32.98703119,36.57156944
"January23","New Hampshire",33,2022-12-22,2023-01-17,360,36.69829343,40.65365047
"January23","New Jersey",34,2022-12-22,2023-01-17,506,46.17475946,46.98967867
"January23","New Mexico",35,2022-12-22,2023-01-17,379,35.30263818,41.13497528
"January23","Nevada",32,2022-12-22,2023-01-17,434,30.69678352,32.82770504
"January23","New York",36,2022-12-22,2023-01-17,725,44.2751201,44.09812468
"January23","Ohio",39,2022-12-22,2023-01-17,540,34.57912751,41.38672159
"January23","Oklahoma",40,2022-12-22,2023-01-17,418,27.23218857,27.90718889
"January23","Oregon",41,2022-12-22,2023-01-17,595,38.84063469,38.25520424
"January23","Pennsylvania",42,2022-12-22,2023-01-17,582,37.21572552,39.5721873
"January23","Rhode Island",44,2022-12-22,2023-01-17,437,37.37241328,44.55402496
"January23","South Carolina",45,2022-12-22,2023-01-17,431,30.54268665,34.60575686
"January23","South Dakota",46,2022-12-22,2023-01-17,419,23.53095189,39.10321393
"January23","Tennessee",47,2022-12-22,2023-01-17,502,32.09492708,31.93262698
"January23","Texas",48,2022-12-22,2023-01-17,804,36.35609302,31.86099058
"January23","Utah",49,2022-12-22,2023-01-17,411,32.40594706,41.26221743
"January23","Virginia",51,2022-12-22,2023-01-17,512,38.39801678,34.36154621
"January23","Vermont",50,2022-12-22,2023-01-17,305,40.99758699,61.57066443
"January23","Washington",53,2022-12-22,2023-01-17,553,38.09616918,42.09608277
"January23","Wisconsin",55,2022-12-22,2023-01-17,482,38.87691597,45.44205876
"January23","West Virginia",54,2022-12-22,2023-01-17,426,24.31839106,40.789013
"January23","Wyoming",56,2022-12-22,2023-01-17,334,19.08934878,40.71825542
"April23","United States",NA,2023-04-05,2023-05-05,24262,37.78674221,41.91555389
"April23","Alaska",2,2023-04-05,2023-05-05,295,29.19879787,34.36149926
"April23","Alabama",1,2023-04-05,2023-05-05,507,24.55616623,33.74164264
"April23","Arkansas",5,2023-04-05,2023-05-05,430,25.41683079,31.87357171
"April23","Arizona",4,2023-04-05,2023-05-05,531,34.86645898,28.60792399
"April23","California",6,2023-04-05,2023-05-05,1002,44.79038392,45.5957392
"April23","Colorado",8,2023-04-05,2023-05-05,483,33.83915412,43.16284264
"April23","Connecticut",9,2023-04-05,2023-05-05,399,47.10957146,52.75059897
"April23","Delaware",10,2023-04-05,2023-05-05,362,36.11828897,41.05284339
"April23","Florida",12,2023-04-05,2023-05-05,614,36.33801828,36.27594784
"April23","Georgia",13,2023-04-05,2023-05-05,554,35.60119973,38.00853862
"April23","Hawaii",15,2023-04-05,2023-05-05,415,32.6809819,40.66311379
"April23","Iowa",19,2023-04-05,2023-05-05,414,33.21175358,36.9672239
"April23","Idaho",16,2023-04-05,2023-05-05,438,19.21843366,31.84713186
"April23","Illinois",17,2023-04-05,2023-05-05,653,42.31662759,43.62908129
"April23","Indiana",18,2023-04-05,2023-05-05,468,30.12890261,39.16055514
"April23","Kansas",20,2023-04-05,2023-05-05,417,29.81014844,39.45265124
"April23","Kentucky",21,2023-04-05,2023-05-05,449,27.64202986,43.76293431
"April23","Louisiana",22,2023-04-05,2023-05-05,430,36.86649651,36.87753365
"April23","Massachusetts",25,2023-04-05,2023-05-05,459,48.47448698,58.8465639
"April23","Maryland",24,2023-04-05,2023-05-05,461,47.33565562,55.79007074
"April23","Maine",23,2023-04-05,2023-05-05,454,30.81297652,48.60582571
"April23","Michigan",26,2023-04-05,2023-05-05,624,40.42333348,47.58533999
"April23","Minnesota",27,2023-04-05,2023-05-05,450,37.18517466,43.26350677
"April23","Missouri",29,2023-04-05,2023-05-05,508,33.14231536,27.7425368
"April23","Mississippi",28,2023-04-05,2023-05-05,411,32.56650316,29.69794839
"April23","Montana",30,2023-04-05,2023-05-05,441,25.44660665,32.18376649
"April23","North Carolina",37,2023-04-05,2023-05-05,605,36.41648618,41.09526782
"April23","North Dakota",38,2023-04-05,2023-05-05,378,24.74391142,33.72920751
"April23","Nebraska",31,2023-04-05,2023-05-05,363,22.73541469,27.20944119
"April23","New Hampshire",33,2023-04-05,2023-05-05,309,29.13732521,47.66223952
"April23","New Jersey",34,2023-04-05,2023-05-05,561,41.66708696,46.39768561
"April23","New Mexico",35,2023-04-05,2023-05-05,381,25.21448276,34.82078192
"April23","Nevada",32,2023-04-05,2023-05-05,431,35.25515788,36.39522973
"April23","New York",36,2023-04-05,2023-05-05,744,44.82573538,48.1485033
"April23","Ohio",39,2023-04-05,2023-05-05,541,29.47092076,38.30790892
"April23","Oklahoma",40,2023-04-05,2023-05-05,455,28.86006521,24.74542578
"April23","Oregon",41,2023-04-05,2023-05-05,448,39.2813579,37.54337825
"April23","Pennsylvania",42,2023-04-05,2023-05-05,502,39.54095765,40.84735349
"April23","Rhode Island",44,2023-04-05,2023-05-05,437,34.27331561,40.31972558
"April23","South Carolina",45,2023-04-05,2023-05-05,489,27.01061725,37.9806567
"April23","South Dakota",46,2023-04-05,2023-05-05,376,24.03235239,41.02453096
"April23","Tennessee",47,2023-04-05,2023-05-05,567,27.94024652,33.08861785
"April23","Texas",48,2023-04-05,2023-05-05,677,36.900122,33.6373914
"April23","Utah",49,2023-04-05,2023-05-05,350,26.06622674,35.0477674
"April23","Virginia",51,2023-04-05,2023-05-05,502,36.95615404,37.39772445
"April23","Vermont",50,2023-04-05,2023-05-05,320,35.13727904,53.04726172
"April23","Washington",53,2023-04-05,2023-05-05,626,44.16086813,44.51455939
"April23","Wisconsin",55,2023-04-05,2023-05-05,477,43.88077377,44.29161452
"April23","West Virginia",54,2023-04-05,2023-05-05,376,21.83058094,33.88949047
"April23","Wyoming",56,2023-04-05,2023-05-05,327,18.35182107,34.77805801
