,Wave_time,mask,Start_Date,End_Date
0,Late Apr,55.96,2020-04-16,2020-04-30
1,Late Apr,46.17,2020-04-16,2020-04-30
2,Late Apr,51.94,2020-04-16,2020-04-30
3,Late Apr,44.19,2020-04-16,2020-04-30
4,Late Apr,49.7,2020-04-16,2020-04-30
5,Late Apr,72.73,2020-04-16,2020-04-30
6,Late Apr,55.87,2020-04-16,2020-04-30
7,Late Apr,63.79,2020-04-16,2020-04-30
8,Late Apr,70.27,2020-04-16,2020-04-30
9,Late Apr,62.67,2020-04-16,2020-04-30
10,Late Apr,62.03,2020-04-16,2020-04-30
11,Late Apr,56.09,2020-04-16,2020-04-30
12,Late Apr,72.97,2020-04-16,2020-04-30
13,Late Apr,35.61,2020-04-16,2020-04-30
14,Late Apr,30.09,2020-04-16,2020-04-30
15,Late Apr,52.97,2020-04-16,2020-04-30
16,Late Apr,48.95,2020-04-16,2020-04-30
17,Late Apr,47.42,2020-04-16,2020-04-30
18,Late Apr,43.28,2020-04-16,2020-04-30
19,Late Apr,48.33,2020-04-16,2020-04-30
20,Late Apr,65.23,2020-04-16,2020-04-30
21,Late Apr,71.63,2020-04-16,2020-04-30
22,Late Apr,47.47,2020-04-16,2020-04-30
23,Late Apr,60.12,2020-04-16,2020-04-30
24,Late Apr,44.36,2020-04-16,2020-04-30
25,Late Apr,45.23,2020-04-16,2020-04-30
26,Late Apr,54.11,2020-04-16,2020-04-30
27,Late Apr,31.81,2020-04-16,2020-04-30
28,Late Apr,44.16,2020-04-16,2020-04-30
29,Late Apr,25.32,2020-04-16,2020-04-30
30,Late Apr,42.17,2020-04-16,2020-04-30
31,Late Apr,54.49,2020-04-16,2020-04-30
32,Late Apr,78.33,2020-04-16,2020-04-30
33,Late Apr,48.0,2020-04-16,2020-04-30
34,Late Apr,53.92,2020-04-16,2020-04-30
35,Late Apr,77.42,2020-04-16,2020-04-30
36,Late Apr,44.11,2020-04-16,2020-04-30
37,Late Apr,41.41,2020-04-16,2020-04-30
38,Late Apr,50.35,2020-04-16,2020-04-30
39,Late Apr,63.97,2020-04-16,2020-04-30
40,Late Apr,71.56,2020-04-16,2020-04-30
41,Late Apr,41.02,2020-04-16,2020-04-30
42,Late Apr,28.52,2020-04-16,2020-04-30
43,Late Apr,52.28,2020-04-16,2020-04-30
44,Late Apr,59.43,2020-04-16,2020-04-30
45,Late Apr,37.3,2020-04-16,2020-04-30
46,Late Apr,54.39,2020-04-16,2020-04-30
47,Late Apr,60.08,2020-04-16,2020-04-30
48,Late Apr,46.24,2020-04-16,2020-04-30
49,Late Apr,36.95,2020-04-16,2020-04-30
50,Late Apr,52.27,2020-04-16,2020-04-30
51,Late Apr,34.84,2020-04-16,2020-04-30
52,Early May,62.41,2020-05-01,2020-05-21
53,Early May,61.57,2020-05-01,2020-05-21
54,Early May,54.67,2020-05-01,2020-05-21
55,Early May,41.36,2020-05-01,2020-05-21
56,Early May,51.93,2020-05-01,2020-05-21
57,Early May,75.55,2020-05-01,2020-05-21
58,Early May,61.36,2020-05-01,2020-05-21
59,Early May,78.73,2020-05-01,2020-05-21
60,Early May,79.95,2020-05-01,2020-05-21
61,Early May,85.35,2020-05-01,2020-05-21
62,Early May,64.72,2020-05-01,2020-05-21
63,Early May,65.24,2020-05-01,2020-05-21
64,Early May,76.85,2020-05-01,2020-05-21
65,Early May,39.55,2020-05-01,2020-05-21
66,Early May,40.4,2020-05-01,2020-05-21
67,Early May,68.01,2020-05-01,2020-05-21
68,Early May,53.76,2020-05-01,2020-05-21
69,Early May,46.63,2020-05-01,2020-05-21
70,Early May,48.74,2020-05-01,2020-05-21
71,Early May,51.86,2020-05-01,2020-05-21
72,Early May,76.67,2020-05-01,2020-05-21
73,Early May,82.07,2020-05-01,2020-05-21
74,Early May,67.96,2020-05-01,2020-05-21
75,Early May,67.51,2020-05-01,2020-05-21
76,Early May,45.38,2020-05-01,2020-05-21
77,Early May,50.11,2020-05-01,2020-05-21
78,Early May,53.68,2020-05-01,2020-05-21
79,Early May,34.75,2020-05-01,2020-05-21
80,Early May,55.81,2020-05-01,2020-05-21
81,Early May,31.9,2020-05-01,2020-05-21
82,Early May,43.5,2020-05-01,2020-05-21
83,Early May,60.16,2020-05-01,2020-05-21
84,Early May,79.22,2020-05-01,2020-05-21
85,Early May,56.82,2020-05-01,2020-05-21
86,Early May,59.96,2020-05-01,2020-05-21
87,Early May,82.43,2020-05-01,2020-05-21
88,Early May,53.66,2020-05-01,2020-05-21
89,Early May,46.82,2020-05-01,2020-05-21
90,Early May,47.06,2020-05-01,2020-05-21
91,Early May,74.77,2020-05-01,2020-05-21
92,Early May,82.05,2020-05-01,2020-05-21
93,Early May,51.45,2020-05-01,2020-05-21
94,Early May,39.53,2020-05-01,2020-05-21
95,Early May,52.36,2020-05-01,2020-05-21
96,Early May,65.32,2020-05-01,2020-05-21
97,Early May,44.02,2020-05-01,2020-05-21
98,Early May,59.36,2020-05-01,2020-05-21
99,Early May,67.22,2020-05-01,2020-05-21
100,Early May,55.65,2020-05-01,2020-05-21
101,Early May,49.26,2020-05-01,2020-05-21
102,Early May,57.83,2020-05-01,2020-05-21
103,Early May,34.37,2020-05-01,2020-05-21
104,Late May,64.03,2020-05-16,2020-06-01
105,Late May,53.95,2020-05-16,2020-06-01
106,Late May,49.84,2020-05-16,2020-06-01
107,Late May,46.17,2020-05-16,2020-06-01
108,Late May,53.16,2020-05-16,2020-06-01
109,Late May,72.91,2020-05-16,2020-06-01
110,Late May,62.78,2020-05-16,2020-06-01
111,Late May,81.05,2020-05-16,2020-06-01
112,Late May,75.65,2020-05-16,2020-06-01
113,Late May,82.73,2020-05-16,2020-06-01
114,Late May,67.36,2020-05-16,2020-06-01
115,Late May,62.92,2020-05-16,2020-06-01
116,Late May,75.82,2020-05-16,2020-06-01
117,Late May,42.44,2020-05-16,2020-06-01
118,Late May,34.77,2020-05-16,2020-06-01
119,Late May,76.33,2020-05-16,2020-06-01
120,Late May,56.19,2020-05-16,2020-06-01
121,Late May,48.1,2020-05-16,2020-06-01
122,Late May,51.7,2020-05-16,2020-06-01
123,Late May,61.92,2020-05-16,2020-06-01
124,Late May,78.64,2020-05-16,2020-06-01
125,Late May,77.53,2020-05-16,2020-06-01
126,Late May,59.41,2020-05-16,2020-06-01
127,Late May,69.12,2020-05-16,2020-06-01
128,Late May,48.51,2020-05-16,2020-06-01
129,Late May,52.14,2020-05-16,2020-06-01
130,Late May,62.24,2020-05-16,2020-06-01
131,Late May,41.02,2020-05-16,2020-06-01
132,Late May,58.66,2020-05-16,2020-06-01
133,Late May,33.3,2020-05-16,2020-06-01
134,Late May,55.91,2020-05-16,2020-06-01
135,Late May,64.69,2020-05-16,2020-06-01
136,Late May,77.91,2020-05-16,2020-06-01
137,Late May,62.54,2020-05-16,2020-06-01
138,Late May,64.62,2020-05-16,2020-06-01
139,Late May,80.53,2020-05-16,2020-06-01
140,Late May,59.33,2020-05-16,2020-06-01
141,Late May,45.58,2020-05-16,2020-06-01
142,Late May,53.21,2020-05-16,2020-06-01
143,Late May,75.78,2020-05-16,2020-06-01
144,Late May,81.44,2020-05-16,2020-06-01
145,Late May,49.31,2020-05-16,2020-06-01
146,Late May,41.44,2020-05-16,2020-06-01
147,Late May,51.43,2020-05-16,2020-06-01
148,Late May,64.48,2020-05-16,2020-06-01
149,Late May,45.08,2020-05-16,2020-06-01
150,Late May,69.71,2020-05-16,2020-06-01
151,Late May,65.51,2020-05-16,2020-06-01
152,Late May,53.25,2020-05-16,2020-06-01
153,Late May,43.93,2020-05-16,2020-06-01
154,Late May,46.36,2020-05-16,2020-06-01
155,Late May,40.01,2020-05-16,2020-06-01
156,Late Jun,65.02,2020-06-12,2020-06-28
157,Late Jun,59.36,2020-06-12,2020-06-28
158,Late Jun,57.19,2020-06-12,2020-06-28
159,Late Jun,56.31,2020-06-12,2020-06-28
160,Late Jun,61.88,2020-06-12,2020-06-28
161,Late Jun,77.83,2020-06-12,2020-06-28
162,Late Jun,65.62,2020-06-12,2020-06-28
163,Late Jun,81.18,2020-06-12,2020-06-28
164,Late Jun,86.45,2020-06-12,2020-06-28
165,Late Jun,83.23,2020-06-12,2020-06-28
166,Late Jun,64.28,2020-06-12,2020-06-28
167,Late Jun,62.01,2020-06-12,2020-06-28
168,Late Jun,82.4,2020-06-12,2020-06-28
169,Late Jun,52.3,2020-06-12,2020-06-28
170,Late Jun,37.79,2020-06-12,2020-06-28
171,Late Jun,70.51,2020-06-12,2020-06-28
172,Late Jun,53.84,2020-06-12,2020-06-28
173,Late Jun,48.68,2020-06-12,2020-06-28
174,Late Jun,54.24,2020-06-12,2020-06-28
175,Late Jun,60.4,2020-06-12,2020-06-28
176,Late Jun,79.56,2020-06-12,2020-06-28
177,Late Jun,79.43,2020-06-12,2020-06-28
178,Late Jun,64.34,2020-06-12,2020-06-28
179,Late Jun,69.76,2020-06-12,2020-06-28
180,Late Jun,45.04,2020-06-12,2020-06-28
181,Late Jun,54.19,2020-06-12,2020-06-28
182,Late Jun,60.35,2020-06-12,2020-06-28
183,Late Jun,31.79,2020-06-12,2020-06-28
184,Late Jun,53.92,2020-06-12,2020-06-28
185,Late Jun,26.92,2020-06-12,2020-06-28
186,Late Jun,49.37,2020-06-12,2020-06-28
187,Late Jun,64.14,2020-06-12,2020-06-28
188,Late Jun,80.46,2020-06-12,2020-06-28
189,Late Jun,69.45,2020-06-12,2020-06-28
190,Late Jun,62.23,2020-06-12,2020-06-28
191,Late Jun,80.88,2020-06-12,2020-06-28
192,Late Jun,57.68,2020-06-12,2020-06-28
193,Late Jun,50.17,2020-06-12,2020-06-28
194,Late Jun,52.21,2020-06-12,2020-06-28
195,Late Jun,76.09,2020-06-12,2020-06-28
196,Late Jun,74.17,2020-06-12,2020-06-28
197,Late Jun,59.41,2020-06-12,2020-06-28
198,Late Jun,34.96,2020-06-12,2020-06-28
199,Late Jun,56.08,2020-06-12,2020-06-28
200,Late Jun,64.75,2020-06-12,2020-06-28
201,Late Jun,51.8,2020-06-12,2020-06-28
202,Late Jun,70.51,2020-06-12,2020-06-28
203,Late Jun,63.1,2020-06-12,2020-06-28
204,Late Jun,61.12,2020-06-12,2020-06-28
205,Late Jun,47.63,2020-06-12,2020-06-28
206,Late Jun,51.35,2020-06-12,2020-06-28
207,Late Jun,38.72,2020-06-12,2020-06-28
208,Late Jul,74.18,2020-07-10,2020-07-26
209,Late Jul,68.69,2020-07-10,2020-07-26
210,Late Jul,68.7,2020-07-10,2020-07-26
211,Late Jul,67.91,2020-07-10,2020-07-26
212,Late Jul,78.17,2020-07-10,2020-07-26
213,Late Jul,79.55,2020-07-10,2020-07-26
214,Late Jul,73.57,2020-07-10,2020-07-26
215,Late Jul,82.89,2020-07-10,2020-07-26
216,Late Jul,78.06,2020-07-10,2020-07-26
217,Late Jul,90.07,2020-07-10,2020-07-26
218,Late Jul,80.81,2020-07-10,2020-07-26
219,Late Jul,68.48,2020-07-10,2020-07-26
220,Late Jul,81.94,2020-07-10,2020-07-26
221,Late Jul,54.99,2020-07-10,2020-07-26
222,Late Jul,53.78,2020-07-10,2020-07-26
223,Late Jul,78.33,2020-07-10,2020-07-26
224,Late Jul,62.75,2020-07-10,2020-07-26
225,Late Jul,69.41,2020-07-10,2020-07-26
226,Late Jul,68.14,2020-07-10,2020-07-26
227,Late Jul,74.43,2020-07-10,2020-07-26
228,Late Jul,77.93,2020-07-10,2020-07-26
229,Late Jul,85.29,2020-07-10,2020-07-26
230,Late Jul,63.97,2020-07-10,2020-07-26
231,Late Jul,77.01,2020-07-10,2020-07-26
232,Late Jul,62.52,2020-07-10,2020-07-26
233,Late Jul,61.03,2020-07-10,2020-07-26
234,Late Jul,73.81,2020-07-10,2020-07-26
235,Late Jul,59.67,2020-07-10,2020-07-26
236,Late Jul,75.56,2020-07-10,2020-07-26
237,Late Jul,43.68,2020-07-10,2020-07-26
238,Late Jul,53.73,2020-07-10,2020-07-26
239,Late Jul,73.83,2020-07-10,2020-07-26
240,Late Jul,82.67,2020-07-10,2020-07-26
241,Late Jul,79.82,2020-07-10,2020-07-26
242,Late Jul,82.28,2020-07-10,2020-07-26
243,Late Jul,86.9,2020-07-10,2020-07-26
244,Late Jul,70.86,2020-07-10,2020-07-26
245,Late Jul,66.07,2020-07-10,2020-07-26
246,Late Jul,73.44,2020-07-10,2020-07-26
247,Late Jul,78.22,2020-07-10,2020-07-26
248,Late Jul,82.16,2020-07-10,2020-07-26
249,Late Jul,69.35,2020-07-10,2020-07-26
250,Late Jul,36.92,2020-07-10,2020-07-26
251,Late Jul,62.19,2020-07-10,2020-07-26
252,Late Jul,77.21,2020-07-10,2020-07-26
253,Late Jul,67.85,2020-07-10,2020-07-26
254,Late Jul,75.3,2020-07-10,2020-07-26
255,Late Jul,70.51,2020-07-10,2020-07-26
256,Late Jul,80.21,2020-07-10,2020-07-26
257,Late Jul,56.69,2020-07-10,2020-07-26
258,Late Jul,70.62,2020-07-10,2020-07-26
259,Late Jul,48.11,2020-07-10,2020-07-26
260,Late Aug,76.15,2020-08-07,2020-08-26
261,Late Aug,79.98,2020-08-07,2020-08-26
262,Late Aug,71.37,2020-08-07,2020-08-26
263,Late Aug,74.05,2020-08-07,2020-08-26
264,Late Aug,73.88,2020-08-07,2020-08-26
265,Late Aug,82.03,2020-08-07,2020-08-26
266,Late Aug,66.71,2020-08-07,2020-08-26
267,Late Aug,78.42,2020-08-07,2020-08-26
268,Late Aug,86.18,2020-08-07,2020-08-26
269,Late Aug,85.07,2020-08-07,2020-08-26
270,Late Aug,79.2,2020-08-07,2020-08-26
271,Late Aug,73.68,2020-08-07,2020-08-26
272,Late Aug,80.17,2020-08-07,2020-08-26
273,Late Aug,52.0,2020-08-07,2020-08-26
274,Late Aug,62.36,2020-08-07,2020-08-26
275,Late Aug,78.44,2020-08-07,2020-08-26
276,Late Aug,68.93,2020-08-07,2020-08-26
277,Late Aug,66.92,2020-08-07,2020-08-26
278,Late Aug,69.69,2020-08-07,2020-08-26
279,Late Aug,73.56,2020-08-07,2020-08-26
280,Late Aug,82.09,2020-08-07,2020-08-26
281,Late Aug,85.59,2020-08-07,2020-08-26
282,Late Aug,66.04,2020-08-07,2020-08-26
283,Late Aug,76.75,2020-08-07,2020-08-26
284,Late Aug,70.76,2020-08-07,2020-08-26
285,Late Aug,68.58,2020-08-07,2020-08-26
286,Late Aug,73.95,2020-08-07,2020-08-26
287,Late Aug,71.99,2020-08-07,2020-08-26
288,Late Aug,75.94,2020-08-07,2020-08-26
289,Late Aug,48.04,2020-08-07,2020-08-26
290,Late Aug,65.12,2020-08-07,2020-08-26
291,Late Aug,69.96,2020-08-07,2020-08-26
292,Late Aug,81.9,2020-08-07,2020-08-26
293,Late Aug,82.18,2020-08-07,2020-08-26
294,Late Aug,85.02,2020-08-07,2020-08-26
295,Late Aug,79.33,2020-08-07,2020-08-26
296,Late Aug,70.84,2020-08-07,2020-08-26
297,Late Aug,67.64,2020-08-07,2020-08-26
298,Late Aug,73.06,2020-08-07,2020-08-26
299,Late Aug,69.73,2020-08-07,2020-08-26
300,Late Aug,86.83,2020-08-07,2020-08-26
301,Late Aug,72.58,2020-08-07,2020-08-26
302,Late Aug,47.36,2020-08-07,2020-08-26
303,Late Aug,70.98,2020-08-07,2020-08-26
304,Late Aug,80.67,2020-08-07,2020-08-26
305,Late Aug,63.02,2020-08-07,2020-08-26
306,Late Aug,76.99,2020-08-07,2020-08-26
307,Late Aug,80.06,2020-08-07,2020-08-26
308,Late Aug,79.45,2020-08-07,2020-08-26
309,Late Aug,70.58,2020-08-07,2020-08-26
310,Late Aug,67.17,2020-08-07,2020-08-26
311,Late Aug,49.83,2020-08-07,2020-08-26
312,Late Sept,75.29,2020-09-04,2020-09-30
313,Late Sept,77.45,2020-09-04,2020-09-30
314,Late Sept,72.33,2020-09-04,2020-09-30
315,Late Sept,71.18,2020-09-04,2020-09-30
316,Late Sept,72.08,2020-09-04,2020-09-30
317,Late Sept,79.85,2020-09-04,2020-09-30
318,Late Sept,72.55,2020-09-04,2020-09-30
319,Late Sept,82.13,2020-09-04,2020-09-30
320,Late Sept,80.99,2020-09-04,2020-09-30
321,Late Sept,81.81,2020-09-04,2020-09-30
322,Late Sept,77.6,2020-09-04,2020-09-30
323,Late Sept,73.15,2020-09-04,2020-09-30
324,Late Sept,87.16,2020-09-04,2020-09-30
325,Late Sept,66.4,2020-09-04,2020-09-30
326,Late Sept,57.34,2020-09-04,2020-09-30
327,Late Sept,78.12,2020-09-04,2020-09-30
328,Late Sept,66.29,2020-09-04,2020-09-30
329,Late Sept,72.36,2020-09-04,2020-09-30
330,Late Sept,73.62,2020-09-04,2020-09-30
331,Late Sept,73.88,2020-09-04,2020-09-30
332,Late Sept,81.51,2020-09-04,2020-09-30
333,Late Sept,85.68,2020-09-04,2020-09-30
334,Late Sept,73.58,2020-09-04,2020-09-30
335,Late Sept,73.28,2020-09-04,2020-09-30
336,Late Sept,72.9,2020-09-04,2020-09-30
337,Late Sept,66.9,2020-09-04,2020-09-30
338,Late Sept,74.96,2020-09-04,2020-09-30
339,Late Sept,65.52,2020-09-04,2020-09-30
340,Late Sept,72.42,2020-09-04,2020-09-30
341,Late Sept,46.3,2020-09-04,2020-09-30
342,Late Sept,67.66,2020-09-04,2020-09-30
343,Late Sept,69.43,2020-09-04,2020-09-30
344,Late Sept,83.56,2020-09-04,2020-09-30
345,Late Sept,79.0,2020-09-04,2020-09-30
346,Late Sept,81.21,2020-09-04,2020-09-30
347,Late Sept,78.37,2020-09-04,2020-09-30
348,Late Sept,72.01,2020-09-04,2020-09-30
349,Late Sept,66.79,2020-09-04,2020-09-30
350,Late Sept,71.19,2020-09-04,2020-09-30
351,Late Sept,74.0,2020-09-04,2020-09-30
352,Late Sept,76.87,2020-09-04,2020-09-30
353,Late Sept,74.23,2020-09-04,2020-09-30
354,Late Sept,48.77,2020-09-04,2020-09-30
355,Late Sept,70.4,2020-09-04,2020-09-30
356,Late Sept,80.98,2020-09-04,2020-09-30
357,Late Sept,75.13,2020-09-04,2020-09-30
358,Late Sept,72.44,2020-09-04,2020-09-30
359,Late Sept,82.27,2020-09-04,2020-09-30
360,Late Sept,76.64,2020-09-04,2020-09-30
361,Late Sept,65.2,2020-09-04,2020-09-30
362,Late Sept,69.02,2020-09-04,2020-09-30
363,Late Sept,45.26,2020-09-04,2020-09-30
364,October,75.64,2020-10-02,2020-10-23
365,October,70.09,2020-10-02,2020-10-23
366,October,76.62,2020-10-02,2020-10-23
367,October,72.21,2020-10-02,2020-10-23
368,October,77.3,2020-10-02,2020-10-23
369,October,79.18,2020-10-02,2020-10-23
370,October,74.26,2020-10-02,2020-10-23
371,October,81.65,2020-10-02,2020-10-23
372,October,76.88,2020-10-02,2020-10-23
373,October,83.62,2020-10-02,2020-10-23
374,October,79.64,2020-10-02,2020-10-23
375,October,77.1,2020-10-02,2020-10-23
376,October,89.7,2020-10-02,2020-10-23
377,October,60.98,2020-10-02,2020-10-23
378,October,61.55,2020-10-02,2020-10-23
379,October,78.44,2020-10-02,2020-10-23
380,October,70.65,2020-10-02,2020-10-23
381,October,68.38,2020-10-02,2020-10-23
382,October,69.37,2020-10-02,2020-10-23
383,October,72.73,2020-10-02,2020-10-23
384,October,79.28,2020-10-02,2020-10-23
385,October,87.67,2020-10-02,2020-10-23
386,October,73.06,2020-10-02,2020-10-23
387,October,70.87,2020-10-02,2020-10-23
388,October,73.77,2020-10-02,2020-10-23
389,October,68.61,2020-10-02,2020-10-23
390,October,66.85,2020-10-02,2020-10-23
391,October,63.91,2020-10-02,2020-10-23
392,October,72.04,2020-10-02,2020-10-23
393,October,61.43,2020-10-02,2020-10-23
394,October,63.54,2020-10-02,2020-10-23
395,October,69.4,2020-10-02,2020-10-23
396,October,83.23,2020-10-02,2020-10-23
397,October,74.08,2020-10-02,2020-10-23
398,October,78.85,2020-10-02,2020-10-23
399,October,81.06,2020-10-02,2020-10-23
400,October,73.64,2020-10-02,2020-10-23
401,October,70.23,2020-10-02,2020-10-23
402,October,78.08,2020-10-02,2020-10-23
403,October,73.25,2020-10-02,2020-10-23
404,October,84.85,2020-10-02,2020-10-23
405,October,71.28,2020-10-02,2020-10-23
406,October,55.46,2020-10-02,2020-10-23
407,October,71.22,2020-10-02,2020-10-23
408,October,76.61,2020-10-02,2020-10-23
409,October,66.85,2020-10-02,2020-10-23
410,October,79.77,2020-10-02,2020-10-23
411,October,79.86,2020-10-02,2020-10-23
412,October,78.68,2020-10-02,2020-10-23
413,October,68.0,2020-10-02,2020-10-23
414,October,66.15,2020-10-02,2020-10-23
415,October,45.5,2020-10-02,2020-10-23
416,Early November,75.33,2020-10-23,2020-11-14
417,Early November,66.2,2020-10-23,2020-11-14
418,Early November,72.29,2020-10-23,2020-11-14
419,Early November,69.09,2020-10-23,2020-11-14
420,Early November,75.11,2020-10-23,2020-11-14
421,Early November,72.82,2020-10-23,2020-11-14
422,Early November,71.64,2020-10-23,2020-11-14
423,Early November,80.73,2020-10-23,2020-11-14
424,Early November,84.87,2020-10-23,2020-11-14
425,Early November,79.38,2020-10-23,2020-11-14
426,Early November,78.42,2020-10-23,2020-11-14
427,Early November,68.89,2020-10-23,2020-11-14
428,Early November,87.28,2020-10-23,2020-11-14
429,Early November,65.46,2020-10-23,2020-11-14
430,Early November,61.84,2020-10-23,2020-11-14
431,Early November,77.81,2020-10-23,2020-11-14
432,Early November,68.49,2020-10-23,2020-11-14
433,Early November,71.11,2020-10-23,2020-11-14
434,Early November,71.97,2020-10-23,2020-11-14
435,Early November,70.12,2020-10-23,2020-11-14
436,Early November,78.15,2020-10-23,2020-11-14
437,Early November,82.15,2020-10-23,2020-11-14
438,Early November,71.58,2020-10-23,2020-11-14
439,Early November,64.37,2020-10-23,2020-11-14
440,Early November,69.44,2020-10-23,2020-11-14
441,Early November,66.29,2020-10-23,2020-11-14
442,Early November,67.04,2020-10-23,2020-11-14
443,Early November,70.93,2020-10-23,2020-11-14
444,Early November,74.24,2020-10-23,2020-11-14
445,Early November,63.27,2020-10-23,2020-11-14
446,Early November,67.22,2020-10-23,2020-11-14
447,Early November,82.11,2020-10-23,2020-11-14
448,Early November,74.17,2020-10-23,2020-11-14
449,Early November,75.72,2020-10-23,2020-11-14
450,Early November,75.89,2020-10-23,2020-11-14
451,Early November,81.87,2020-10-23,2020-11-14
452,Early November,76.57,2020-10-23,2020-11-14
453,Early November,67.55,2020-10-23,2020-11-14
454,Early November,74.22,2020-10-23,2020-11-14
455,Early November,71.66,2020-10-23,2020-11-14
456,Early November,81.92,2020-10-23,2020-11-14
457,Early November,73.63,2020-10-23,2020-11-14
458,Early November,55.24,2020-10-23,2020-11-14
459,Early November,73.0,2020-10-23,2020-11-14
460,Early November,80.47,2020-10-23,2020-11-14
461,Early November,70.82,2020-10-23,2020-11-14
462,Early November,75.07,2020-10-23,2020-11-14
463,Early November,81.74,2020-10-23,2020-11-14
464,Early November,80.04,2020-10-23,2020-11-14
465,Early November,70.94,2020-10-23,2020-11-14
466,Early November,71.88,2020-10-23,2020-11-14
467,Early November,49.78,2020-10-23,2020-11-14
468,November,77.76,2020-11-03,2020-11-30
469,November,71.39,2020-11-03,2020-11-30
470,November,76.71,2020-11-03,2020-11-30
471,November,70.86,2020-11-03,2020-11-30
472,November,75.91,2020-11-03,2020-11-30
473,November,78.21,2020-11-03,2020-11-30
474,November,73.74,2020-11-03,2020-11-30
475,November,86.08,2020-11-03,2020-11-30
476,November,89.56,2020-11-03,2020-11-30
477,November,85.33,2020-11-03,2020-11-30
478,November,77.88,2020-11-03,2020-11-30
479,November,71.77,2020-11-03,2020-11-30
480,November,88.18,2020-11-03,2020-11-30
481,November,65.88,2020-11-03,2020-11-30
482,November,67.08,2020-11-03,2020-11-30
483,November,73.7,2020-11-03,2020-11-30
484,November,72.56,2020-11-03,2020-11-30
485,November,75.66,2020-11-03,2020-11-30
486,November,75.37,2020-11-03,2020-11-30
487,November,69.1,2020-11-03,2020-11-30
488,November,83.4,2020-11-03,2020-11-30
489,November,82.95,2020-11-03,2020-11-30
490,November,78.17,2020-11-03,2020-11-30
491,November,74.92,2020-11-03,2020-11-30
492,November,78.35,2020-11-03,2020-11-30
493,November,71.51,2020-11-03,2020-11-30
494,November,79.25,2020-11-03,2020-11-30
495,November,70.93,2020-11-03,2020-11-30
496,November,77.22,2020-11-03,2020-11-30
497,November,67.16,2020-11-03,2020-11-30
498,November,72.66,2020-11-03,2020-11-30
499,November,79.57,2020-11-03,2020-11-30
500,November,81.45,2020-11-03,2020-11-30
501,November,78.67,2020-11-03,2020-11-30
502,November,81.27,2020-11-03,2020-11-30
503,November,83.64,2020-11-03,2020-11-30
504,November,72.27,2020-11-03,2020-11-30
505,November,66.93,2020-11-03,2020-11-30
506,November,78.22,2020-11-03,2020-11-30
507,November,75.55,2020-11-03,2020-11-30
508,November,85.42,2020-11-03,2020-11-30
509,November,74.4,2020-11-03,2020-11-30
510,November,60.95,2020-11-03,2020-11-30
511,November,68.88,2020-11-03,2020-11-30
512,November,78.01,2020-11-03,2020-11-30
513,November,73.8,2020-11-03,2020-11-30
514,November,81.36,2020-11-03,2020-11-30
515,November,82.75,2020-11-03,2020-11-30
516,November,77.94,2020-11-03,2020-11-30
517,November,73.0,2020-11-03,2020-11-30
518,November,76.39,2020-11-03,2020-11-30
519,November,60.73,2020-11-03,2020-11-30
520,December,80.9,2020-12-16,2021-01-10
521,December,66.9,2020-12-16,2021-01-10
522,December,82.41,2020-12-16,2021-01-10
523,December,75.23,2020-12-16,2021-01-10
524,December,76.35,2020-12-16,2021-01-10
525,December,86.37,2020-12-16,2021-01-10
526,December,81.92,2020-12-16,2021-01-10
527,December,86.07,2020-12-16,2021-01-10
528,December,92.92,2020-12-16,2021-01-10
529,December,87.77,2020-12-16,2021-01-10
530,December,80.77,2020-12-16,2021-01-10
531,December,72.73,2020-12-16,2021-01-10
532,December,86.63,2020-12-16,2021-01-10
533,December,78.53,2020-12-16,2021-01-10
534,December,67.91,2020-12-16,2021-01-10
535,December,82.91,2020-12-16,2021-01-10
536,December,75.21,2020-12-16,2021-01-10
537,December,73.09,2020-12-16,2021-01-10
538,December,81.4,2020-12-16,2021-01-10
539,December,71.84,2020-12-16,2021-01-10
540,December,84.92,2020-12-16,2021-01-10
541,December,88.32,2020-12-16,2021-01-10
542,December,79.93,2020-12-16,2021-01-10
543,December,74.52,2020-12-16,2021-01-10
544,December,78.15,2020-12-16,2021-01-10
545,December,73.41,2020-12-16,2021-01-10
546,December,75.99,2020-12-16,2021-01-10
547,December,71.9,2020-12-16,2021-01-10
548,December,76.91,2020-12-16,2021-01-10
549,December,68.63,2020-12-16,2021-01-10
550,December,74.91,2020-12-16,2021-01-10
551,December,83.54,2020-12-16,2021-01-10
552,December,82.91,2020-12-16,2021-01-10
553,December,82.71,2020-12-16,2021-01-10
554,December,84.28,2020-12-16,2021-01-10
555,December,87.77,2020-12-16,2021-01-10
556,December,76.84,2020-12-16,2021-01-10
557,December,70.42,2020-12-16,2021-01-10
558,December,81.04,2020-12-16,2021-01-10
559,December,79.17,2020-12-16,2021-01-10
560,December,89.2,2020-12-16,2021-01-10
561,December,77.06,2020-12-16,2021-01-10
562,December,60.92,2020-12-16,2021-01-10
563,December,77.57,2020-12-16,2021-01-10
564,December,79.8,2020-12-16,2021-01-10
565,December,77.87,2020-12-16,2021-01-10
566,December,80.72,2020-12-16,2021-01-10
567,December,81.29,2020-12-16,2021-01-10
568,December,79.37,2020-12-16,2021-01-10
569,December,73.21,2020-12-16,2021-01-10
570,December,83.65,2020-12-16,2021-01-10
571,December,64.03,2020-12-16,2021-01-10
572,February,79.94,2021-02-05,2021-02-28
573,February,70.47,2021-02-05,2021-02-28
574,February,83.26,2021-02-05,2021-02-28
575,February,74.67,2021-02-05,2021-02-28
576,February,76.21,2021-02-05,2021-02-28
577,February,83.92,2021-02-05,2021-02-28
578,February,74.56,2021-02-05,2021-02-28
579,February,83.43,2021-02-05,2021-02-28
580,February,90.51,2021-02-05,2021-02-28
581,February,82.76,2021-02-05,2021-02-28
582,February,82.39,2021-02-05,2021-02-28
583,February,73.39,2021-02-05,2021-02-28
584,February,87.62,2021-02-05,2021-02-28
585,February,77.15,2021-02-05,2021-02-28
586,February,63.5,2021-02-05,2021-02-28
587,February,79.98,2021-02-05,2021-02-28
588,February,79.61,2021-02-05,2021-02-28
589,February,77.02,2021-02-05,2021-02-28
590,February,75.8,2021-02-05,2021-02-28
591,February,78.22,2021-02-05,2021-02-28
592,February,86.95,2021-02-05,2021-02-28
593,February,90.16,2021-02-05,2021-02-28
594,February,83.86,2021-02-05,2021-02-28
595,February,73.66,2021-02-05,2021-02-28
596,February,71.07,2021-02-05,2021-02-28
597,February,75.9,2021-02-05,2021-02-28
598,February,76.98,2021-02-05,2021-02-28
599,February,70.5,2021-02-05,2021-02-28
600,February,82.68,2021-02-05,2021-02-28
601,February,60.12,2021-02-05,2021-02-28
602,February,72.6,2021-02-05,2021-02-28
603,February,79.53,2021-02-05,2021-02-28
604,February,82.78,2021-02-05,2021-02-28
605,February,74.79,2021-02-05,2021-02-28
606,February,84.92,2021-02-05,2021-02-28
607,February,83.26,2021-02-05,2021-02-28
608,February,79.85,2021-02-05,2021-02-28
609,February,67.41,2021-02-05,2021-02-28
610,February,75.4,2021-02-05,2021-02-28
611,February,80.29,2021-02-05,2021-02-28
612,February,81.79,2021-02-05,2021-02-28
613,February,77.13,2021-02-05,2021-02-28
614,February,63.35,2021-02-05,2021-02-28
615,February,74.03,2021-02-05,2021-02-28
616,February,80.08,2021-02-05,2021-02-28
617,February,81.66,2021-02-05,2021-02-28
618,February,79.92,2021-02-05,2021-02-28
619,February,84.83,2021-02-05,2021-02-28
620,February,79.87,2021-02-05,2021-02-28
621,February,74.23,2021-02-05,2021-02-28
622,February,81.22,2021-02-05,2021-02-28
623,February,59.24,2021-02-05,2021-02-28
624,April,75.25,2021-04-01,2021-05-03
625,April,68.14,2021-04-01,2021-05-03
626,April,76.17,2021-04-01,2021-05-03
627,April,66.78,2021-04-01,2021-05-03
628,April,70.89,2021-04-01,2021-05-03
629,April,84.17,2021-04-01,2021-05-03
630,April,78.16,2021-04-01,2021-05-03
631,April,81.68,2021-04-01,2021-05-03
632,April,90.21,2021-04-01,2021-05-03
633,April,80.46,2021-04-01,2021-05-03
634,April,80.33,2021-04-01,2021-05-03
635,April,73.66,2021-04-01,2021-05-03
636,April,86.02,2021-04-01,2021-05-03
637,April,70.25,2021-04-01,2021-05-03
638,April,55.16,2021-04-01,2021-05-03
639,April,78.92,2021-04-01,2021-05-03
640,April,67.6,2021-04-01,2021-05-03
641,April,68.76,2021-04-01,2021-05-03
642,April,77.68,2021-04-01,2021-05-03
643,April,68.49,2021-04-01,2021-05-03
644,April,82.73,2021-04-01,2021-05-03
645,April,78.1,2021-04-01,2021-05-03
646,April,80.66,2021-04-01,2021-05-03
647,April,72.41,2021-04-01,2021-05-03
648,April,63.95,2021-04-01,2021-05-03
649,April,64.97,2021-04-01,2021-05-03
650,April,64.05,2021-04-01,2021-05-03
651,April,59.93,2021-04-01,2021-05-03
652,April,74.36,2021-04-01,2021-05-03
653,April,49.03,2021-04-01,2021-05-03
654,April,56.67,2021-04-01,2021-05-03
655,April,76.34,2021-04-01,2021-05-03
656,April,82.14,2021-04-01,2021-05-03
657,April,78.39,2021-04-01,2021-05-03
658,April,76.3,2021-04-01,2021-05-03
659,April,81.92,2021-04-01,2021-05-03
660,April,75.05,2021-04-01,2021-05-03
661,April,66.31,2021-04-01,2021-05-03
662,April,72.44,2021-04-01,2021-05-03
663,April,76.73,2021-04-01,2021-05-03
664,April,79.54,2021-04-01,2021-05-03
665,April,73.36,2021-04-01,2021-05-03
666,April,46.01,2021-04-01,2021-05-03
667,April,72.63,2021-04-01,2021-05-03
668,April,73.62,2021-04-01,2021-05-03
669,April,70.02,2021-04-01,2021-05-03
670,April,80.68,2021-04-01,2021-05-03
671,April,81.01,2021-04-01,2021-05-03
672,April,75.92,2021-04-01,2021-05-03
673,April,68.99,2021-04-01,2021-05-03
674,April,73.58,2021-04-01,2021-05-03
675,April,44.47,2021-04-01,2021-05-03
676,June,49.27,2021-06-09,2021-07-15
677,June,30.62,2021-06-09,2021-07-15
678,June,46.22,2021-06-09,2021-07-15
679,June,42.25,2021-06-09,2021-07-15
680,June,46.77,2021-06-09,2021-07-15
681,June,65.87,2021-06-09,2021-07-15
682,June,40.45,2021-06-09,2021-07-15
683,June,53.42,2021-06-09,2021-07-15
684,June,71.31,2021-06-09,2021-07-15
685,June,50.58,2021-06-09,2021-07-15
686,June,58.01,2021-06-09,2021-07-15
687,June,58.55,2021-06-09,2021-07-15
688,June,65.46,2021-06-09,2021-07-15
689,June,30.46,2021-06-09,2021-07-15
690,June,24.96,2021-06-09,2021-07-15
691,June,49.31,2021-06-09,2021-07-15
692,June,43.07,2021-06-09,2021-07-15
693,June,35.04,2021-06-09,2021-07-15
694,June,40.77,2021-06-09,2021-07-15
695,June,46.45,2021-06-09,2021-07-15
696,June,44.0,2021-06-09,2021-07-15
697,June,58.58,2021-06-09,2021-07-15
698,June,34.63,2021-06-09,2021-07-15
699,June,44.86,2021-06-09,2021-07-15
700,June,31.21,2021-06-09,2021-07-15
701,June,35.75,2021-06-09,2021-07-15
702,June,51.55,2021-06-09,2021-07-15
703,June,22.93,2021-06-09,2021-07-15
704,June,50.21,2021-06-09,2021-07-15
705,June,21.43,2021-06-09,2021-07-15
706,June,28.88,2021-06-09,2021-07-15
707,June,44.26,2021-06-09,2021-07-15
708,June,61.09,2021-06-09,2021-07-15
709,June,49.35,2021-06-09,2021-07-15
710,June,46.99,2021-06-09,2021-07-15
711,June,61.92,2021-06-09,2021-07-15
712,June,44.09,2021-06-09,2021-07-15
713,June,43.94,2021-06-09,2021-07-15
714,June,55.21,2021-06-09,2021-07-15
715,June,49.24,2021-06-09,2021-07-15
716,June,45.75,2021-06-09,2021-07-15
717,June,47.11,2021-06-09,2021-07-15
718,June,26.01,2021-06-09,2021-07-15
719,June,40.92,2021-06-09,2021-07-15
720,June,58.07,2021-06-09,2021-07-15
721,June,32.07,2021-06-09,2021-07-15
722,June,58.91,2021-06-09,2021-07-15
723,June,45.79,2021-06-09,2021-07-15
724,June,56.95,2021-06-09,2021-07-15
725,June,31.29,2021-06-09,2021-07-15
726,June,51.41,2021-06-09,2021-07-15
727,June,18.34,2021-06-09,2021-07-15
728,September,57.07,2021-08-26,2021-09-27
729,September,44.85,2021-08-26,2021-09-27
730,September,57.71,2021-08-26,2021-09-27
731,September,52.07,2021-08-26,2021-09-27
732,September,58.11,2021-08-26,2021-09-27
733,September,71.19,2021-08-26,2021-09-27
734,September,40.28,2021-08-26,2021-09-27
735,September,69.55,2021-08-26,2021-09-27
736,September,75.0,2021-08-26,2021-09-27
737,September,50.52,2021-08-26,2021-09-27
738,September,65.83,2021-08-26,2021-09-27
739,September,65.93,2021-08-26,2021-09-27
740,September,81.52,2021-08-26,2021-09-27
741,September,36.6,2021-08-26,2021-09-27
742,September,34.28,2021-08-26,2021-09-27
743,September,62.14,2021-08-26,2021-09-27
744,September,49.9,2021-08-26,2021-09-27
745,September,45.67,2021-08-26,2021-09-27
746,September,53.93,2021-08-26,2021-09-27
747,September,70.46,2021-08-26,2021-09-27
748,September,54.88,2021-08-26,2021-09-27
749,September,65.82,2021-08-26,2021-09-27
750,September,40.93,2021-08-26,2021-09-27
751,September,44.48,2021-08-26,2021-09-27
752,September,36.89,2021-08-26,2021-09-27
753,September,46.88,2021-08-26,2021-09-27
754,September,57.16,2021-08-26,2021-09-27
755,September,33.64,2021-08-26,2021-09-27
756,September,64.17,2021-08-26,2021-09-27
757,September,22.52,2021-08-26,2021-09-27
758,September,43.38,2021-08-26,2021-09-27
759,September,47.86,2021-08-26,2021-09-27
760,September,55.45,2021-08-26,2021-09-27
761,September,67.97,2021-08-26,2021-09-27
762,September,71.79,2021-08-26,2021-09-27
763,September,62.81,2021-08-26,2021-09-27
764,September,46.48,2021-08-26,2021-09-27
765,September,46.19,2021-08-26,2021-09-27
766,September,65.04,2021-08-26,2021-09-27
767,September,51.25,2021-08-26,2021-09-27
768,September,45.41,2021-08-26,2021-09-27
769,September,54.4,2021-08-26,2021-09-27
770,September,28.88,2021-08-26,2021-09-27
771,September,56.56,2021-08-26,2021-09-27
772,September,66.27,2021-08-26,2021-09-27
773,September,37.43,2021-08-26,2021-09-27
774,September,63.16,2021-08-26,2021-09-27
775,September,48.72,2021-08-26,2021-09-27
776,September,72.49,2021-08-26,2021-09-27
777,September,41.3,2021-08-26,2021-09-27
778,September,45.87,2021-08-26,2021-09-27
779,September,29.1,2021-08-26,2021-09-27
780,November21,51.49,2021-11-03,2021-12-02
781,November21,47.48,2021-11-03,2021-12-02
782,November21,48.53,2021-11-03,2021-12-02
783,November21,41.51,2021-11-03,2021-12-02
784,November21,46.99,2021-11-03,2021-12-02
785,November21,63.42,2021-11-03,2021-12-02
786,November21,42.62,2021-11-03,2021-12-02
787,November21,60.89,2021-11-03,2021-12-02
788,November21,72.33,2021-11-03,2021-12-02
789,November21,53.21,2021-11-03,2021-12-02
790,November21,53.11,2021-11-03,2021-12-02
791,November21,56.61,2021-11-03,2021-12-02
792,November21,69.93,2021-11-03,2021-12-02
793,November21,30.48,2021-11-03,2021-12-02
794,November21,30.73,2021-11-03,2021-12-02
795,November21,62.78,2021-11-03,2021-12-02
796,November21,37.97,2021-11-03,2021-12-02
797,November21,38.33,2021-11-03,2021-12-02
798,November21,44.66,2021-11-03,2021-12-02
799,November21,55.69,2021-11-03,2021-12-02
800,November21,53.46,2021-11-03,2021-12-02
801,November21,61.53,2021-11-03,2021-12-02
802,November21,40.26,2021-11-03,2021-12-02
803,November21,45.34,2021-11-03,2021-12-02
804,November21,34.53,2021-11-03,2021-12-02
805,November21,45.71,2021-11-03,2021-12-02
806,November21,47.26,2021-11-03,2021-12-02
807,November21,27.86,2021-11-03,2021-12-02
808,November21,56.93,2021-11-03,2021-12-02
809,November21,20.57,2021-11-03,2021-12-02
810,November21,35.96,2021-11-03,2021-12-02
811,November21,42.57,2021-11-03,2021-12-02
812,November21,52.73,2021-11-03,2021-12-02
813,November21,70.82,2021-11-03,2021-12-02
814,November21,60.03,2021-11-03,2021-12-02
815,November21,57.8,2021-11-03,2021-12-02
816,November21,42.37,2021-11-03,2021-12-02
817,November21,36.62,2021-11-03,2021-12-02
818,November21,63.34,2021-11-03,2021-12-02
819,November21,48.8,2021-11-03,2021-12-02
820,November21,42.1,2021-11-03,2021-12-02
821,November21,47.21,2021-11-03,2021-12-02
822,November21,24.65,2021-11-03,2021-12-02
823,November21,50.39,2021-11-03,2021-12-02
824,November21,52.35,2021-11-03,2021-12-02
825,November21,33.97,2021-11-03,2021-12-02
826,November21,58.61,2021-11-03,2021-12-02
827,November21,46.22,2021-11-03,2021-12-02
828,November21,64.75,2021-11-03,2021-12-02
829,November21,35.76,2021-11-03,2021-12-02
830,November21,44.18,2021-11-03,2021-12-02
831,November21,13.93,2021-11-03,2021-12-02
832,January22,57.41,2021-12-22,2022-01-24
833,January22,44.45,2021-12-22,2022-01-24
834,January22,49.16,2021-12-22,2022-01-24
835,January22,40.18,2021-12-22,2022-01-24
836,January22,53.96,2021-12-22,2022-01-24
837,January22,71.21,2021-12-22,2022-01-24
838,January22,54.83,2021-12-22,2022-01-24
839,January22,74.86,2021-12-22,2022-01-24
840,January22,79.15,2021-12-22,2022-01-24
841,January22,56.09,2021-12-22,2022-01-24
842,January22,54.41,2021-12-22,2022-01-24
843,January22,58.73,2021-12-22,2022-01-24
844,January22,78.28,2021-12-22,2022-01-24
845,January22,34.74,2021-12-22,2022-01-24
846,January22,28.26,2021-12-22,2022-01-24
847,January22,64.29,2021-12-22,2022-01-24
848,January22,42.24,2021-12-22,2022-01-24
849,January22,40.22,2021-12-22,2022-01-24
850,January22,44.97,2021-12-22,2022-01-24
851,January22,55.3,2021-12-22,2022-01-24
852,January22,67.07,2021-12-22,2022-01-24
853,January22,72.05,2021-12-22,2022-01-24
854,January22,50.94,2021-12-22,2022-01-24
855,January22,43.4,2021-12-22,2022-01-24
856,January22,41.31,2021-12-22,2022-01-24
857,January22,45.17,2021-12-22,2022-01-24
858,January22,55.86,2021-12-22,2022-01-24
859,January22,30.79,2021-12-22,2022-01-24
860,January22,61.91,2021-12-22,2022-01-24
861,January22,22.97,2021-12-22,2022-01-24
862,January22,38.35,2021-12-22,2022-01-24
863,January22,62.32,2021-12-22,2022-01-24
864,January22,70.59,2021-12-22,2022-01-24
865,January22,63.58,2021-12-22,2022-01-24
866,January22,73.96,2021-12-22,2022-01-24
867,January22,77.66,2021-12-22,2022-01-24
868,January22,45.32,2021-12-22,2022-01-24
869,January22,41.02,2021-12-22,2022-01-24
870,January22,67.68,2021-12-22,2022-01-24
871,January22,55.17,2021-12-22,2022-01-24
872,January22,67.11,2021-12-22,2022-01-24
873,January22,46.78,2021-12-22,2022-01-24
874,January22,28.2,2021-12-22,2022-01-24
875,January22,46.92,2021-12-22,2022-01-24
876,January22,56.98,2021-12-22,2022-01-24
877,January22,42.98,2021-12-22,2022-01-24
878,January22,60.26,2021-12-22,2022-01-24
879,January22,61.08,2021-12-22,2022-01-24
880,January22,74.67,2021-12-22,2022-01-24
881,January22,42.47,2021-12-22,2022-01-24
882,January22,44.89,2021-12-22,2022-01-24
883,January22,24.21,2021-12-22,2022-01-24
884,March22,39.68,2022-03-02,2022-04-09
885,March22,33.29,2022-03-02,2022-04-09
886,March22,38.15,2022-03-02,2022-04-09
887,March22,28.74,2022-03-02,2022-04-09
888,March22,40.41,2022-03-02,2022-04-09
889,March22,53.77,2022-03-02,2022-04-09
890,March22,30.73,2022-03-02,2022-04-09
891,March22,44.7,2022-03-02,2022-04-09
892,March22,62.07,2022-03-02,2022-04-09
893,March22,44.07,2022-03-02,2022-04-09
894,March22,41.68,2022-03-02,2022-04-09
895,March22,44.6,2022-03-02,2022-04-09
896,March22,62.6,2022-03-02,2022-04-09
897,March22,25.07,2022-03-02,2022-04-09
898,March22,21.01,2022-03-02,2022-04-09
899,March22,45.61,2022-03-02,2022-04-09
900,March22,28.28,2022-03-02,2022-04-09
901,March22,29.4,2022-03-02,2022-04-09
902,March22,34.15,2022-03-02,2022-04-09
903,March22,43.56,2022-03-02,2022-04-09
904,March22,43.59,2022-03-02,2022-04-09
905,March22,58.74,2022-03-02,2022-04-09
906,March22,30.97,2022-03-02,2022-04-09
907,March22,32.99,2022-03-02,2022-04-09
908,March22,27.99,2022-03-02,2022-04-09
909,March22,29.27,2022-03-02,2022-04-09
910,March22,39.25,2022-03-02,2022-04-09
911,March22,17.47,2022-03-02,2022-04-09
912,March22,44.76,2022-03-02,2022-04-09
913,March22,22.1,2022-03-02,2022-04-09
914,March22,22.67,2022-03-02,2022-04-09
915,March22,27.8,2022-03-02,2022-04-09
916,March22,46.92,2022-03-02,2022-04-09
917,March22,39.84,2022-03-02,2022-04-09
918,March22,37.27,2022-03-02,2022-04-09
919,March22,49.81,2022-03-02,2022-04-09
920,March22,37.4,2022-03-02,2022-04-09
921,March22,26.41,2022-03-02,2022-04-09
922,March22,45.02,2022-03-02,2022-04-09
923,March22,34.63,2022-03-02,2022-04-09
924,March22,39.5,2022-03-02,2022-04-09
925,March22,36.94,2022-03-02,2022-04-09
926,March22,19.67,2022-03-02,2022-04-09
927,March22,36.07,2022-03-02,2022-04-09
928,March22,42.12,2022-03-02,2022-04-09
929,March22,20.33,2022-03-02,2022-04-09
930,March22,48.18,2022-03-02,2022-04-09
931,March22,38.36,2022-03-02,2022-04-09
932,March22,47.12,2022-03-02,2022-04-09
933,March22,28.96,2022-03-02,2022-04-09
934,March22,30.83,2022-03-02,2022-04-09
935,March22,11.43,2022-03-02,2022-04-09
936,June22,32.32,2022-06-08,2022-07-05
937,June22,19.98,2022-06-08,2022-07-05
938,June22,26.0,2022-06-08,2022-07-05
939,June22,23.62,2022-06-08,2022-07-05
940,June22,28.53,2022-06-08,2022-07-05
941,June22,45.26,2022-06-08,2022-07-05
942,June22,30.57,2022-06-08,2022-07-05
943,June22,32.51,2022-06-08,2022-07-05
944,June22,57.68,2022-06-08,2022-07-05
945,June22,30.95,2022-06-08,2022-07-05
946,June22,36.08,2022-06-08,2022-07-05
947,June22,38.72,2022-06-08,2022-07-05
948,June22,50.51,2022-06-08,2022-07-05
949,June22,17.77,2022-06-08,2022-07-05
950,June22,14.86,2022-06-08,2022-07-05
951,June22,37.58,2022-06-08,2022-07-05
952,June22,24.78,2022-06-08,2022-07-05
953,June22,15.0,2022-06-08,2022-07-05
954,June22,30.52,2022-06-08,2022-07-05
955,June22,29.32,2022-06-08,2022-07-05
956,June22,36.46,2022-06-08,2022-07-05
957,June22,45.53,2022-06-08,2022-07-05
958,June22,23.47,2022-06-08,2022-07-05
959,June22,25.37,2022-06-08,2022-07-05
960,June22,21.66,2022-06-08,2022-07-05
961,June22,23.27,2022-06-08,2022-07-05
962,June22,36.26,2022-06-08,2022-07-05
963,June22,11.59,2022-06-08,2022-07-05
964,June22,36.27,2022-06-08,2022-07-05
965,June22,8.82,2022-06-08,2022-07-05
966,June22,19.71,2022-06-08,2022-07-05
967,June22,34.25,2022-06-08,2022-07-05
968,June22,40.87,2022-06-08,2022-07-05
969,June22,29.37,2022-06-08,2022-07-05
970,June22,31.18,2022-06-08,2022-07-05
971,June22,46.59,2022-06-08,2022-07-05
972,June22,31.92,2022-06-08,2022-07-05
973,June22,22.1,2022-06-08,2022-07-05
974,June22,33.08,2022-06-08,2022-07-05
975,June22,26.07,2022-06-08,2022-07-05
976,June22,23.15,2022-06-08,2022-07-05
977,June22,30.63,2022-06-08,2022-07-05
978,June22,11.88,2022-06-08,2022-07-05
979,June22,25.36,2022-06-08,2022-07-05
980,June22,34.87,2022-06-08,2022-07-05
981,June22,23.29,2022-06-08,2022-07-05
982,June22,41.18,2022-06-08,2022-07-05
983,June22,22.73,2022-06-08,2022-07-05
984,June22,31.05,2022-06-08,2022-07-05
985,June22,20.47,2022-06-08,2022-07-05
986,June22,22.0,2022-06-08,2022-07-05
987,June22,12.09,2022-06-08,2022-07-05
988,August22,29.66,2022-08-11,2022-09-11
989,August22,21.38,2022-08-11,2022-09-11
990,August22,28.45,2022-08-11,2022-09-11
991,August22,20.37,2022-08-11,2022-09-11
992,August22,28.95,2022-08-11,2022-09-11
993,August22,43.73,2022-08-11,2022-09-11
994,August22,18.97,2022-08-11,2022-09-11
995,August22,32.87,2022-08-11,2022-09-11
996,August22,40.97,2022-08-11,2022-09-11
997,August22,36.14,2022-08-11,2022-09-11
998,August22,29.58,2022-08-11,2022-09-11
999,August22,36.24,2022-08-11,2022-09-11
1000,August22,43.0,2022-08-11,2022-09-11
1001,August22,17.95,2022-08-11,2022-09-11
1002,August22,13.18,2022-08-11,2022-09-11
1003,August22,27.54,2022-08-11,2022-09-11
1004,August22,19.42,2022-08-11,2022-09-11
1005,August22,20.61,2022-08-11,2022-09-11
1006,August22,29.36,2022-08-11,2022-09-11
1007,August22,28.97,2022-08-11,2022-09-11
1008,August22,34.01,2022-08-11,2022-09-11
1009,August22,42.93,2022-08-11,2022-09-11
1010,August22,22.23,2022-08-11,2022-09-11
1011,August22,27.92,2022-08-11,2022-09-11
1012,August22,19.07,2022-08-11,2022-09-11
1013,August22,22.22,2022-08-11,2022-09-11
1014,August22,31.02,2022-08-11,2022-09-11
1015,August22,11.98,2022-08-11,2022-09-11
1016,August22,35.46,2022-08-11,2022-09-11
1017,August22,6.37,2022-08-11,2022-09-11
1018,August22,13.31,2022-08-11,2022-09-11
1019,August22,19.93,2022-08-11,2022-09-11
1020,August22,35.06,2022-08-11,2022-09-11
1021,August22,28.9,2022-08-11,2022-09-11
1022,August22,32.32,2022-08-11,2022-09-11
1023,August22,41.02,2022-08-11,2022-09-11
1024,August22,24.86,2022-08-11,2022-09-11
1025,August22,22.47,2022-08-11,2022-09-11
1026,August22,24.95,2022-08-11,2022-09-11
1027,August22,25.48,2022-08-11,2022-09-11
1028,August22,27.92,2022-08-11,2022-09-11
1029,August22,31.32,2022-08-11,2022-09-11
1030,August22,8.01,2022-08-11,2022-09-11
1031,August22,25.68,2022-08-11,2022-09-11
1032,August22,29.35,2022-08-11,2022-09-11
1033,August22,21.84,2022-08-11,2022-09-11
1034,August22,37.23,2022-08-11,2022-09-11
1035,August22,19.55,2022-08-11,2022-09-11
1036,August22,29.17,2022-08-11,2022-09-11
1037,August22,18.55,2022-08-11,2022-09-11
1038,August22,22.12,2022-08-11,2022-09-11
1039,August22,14.55,2022-08-11,2022-09-11
1040,October22,26.68,2022-10-06,2022-11-09
1041,October22,23.83,2022-10-06,2022-11-09
1042,October22,24.01,2022-10-06,2022-11-09
1043,October22,19.66,2022-10-06,2022-11-09
1044,October22,29.05,2022-10-06,2022-11-09
1045,October22,43.19,2022-10-06,2022-11-09
1046,October22,18.32,2022-10-06,2022-11-09
1047,October22,26.7,2022-10-06,2022-11-09
1048,October22,38.83,2022-10-06,2022-11-09
1049,October22,31.82,2022-10-06,2022-11-09
1050,October22,28.97,2022-10-06,2022-11-09
1051,October22,31.82,2022-10-06,2022-11-09
1052,October22,43.3,2022-10-06,2022-11-09
1053,October22,16.15,2022-10-06,2022-11-09
1054,October22,9.38,2022-10-06,2022-11-09
1055,October22,26.15,2022-10-06,2022-11-09
1056,October22,18.84,2022-10-06,2022-11-09
1057,October22,14.52,2022-10-06,2022-11-09
1058,October22,22.53,2022-10-06,2022-11-09
1059,October22,28.84,2022-10-06,2022-11-09
1060,October22,25.81,2022-10-06,2022-11-09
1061,October22,34.62,2022-10-06,2022-11-09
1062,October22,22.58,2022-10-06,2022-11-09
1063,October22,23.21,2022-10-06,2022-11-09
1064,October22,17.86,2022-10-06,2022-11-09
1065,October22,22.9,2022-10-06,2022-11-09
1066,October22,34.26,2022-10-06,2022-11-09
1067,October22,10.11,2022-10-06,2022-11-09
1068,October22,30.13,2022-10-06,2022-11-09
1069,October22,10.73,2022-10-06,2022-11-09
1070,October22,19.11,2022-10-06,2022-11-09
1071,October22,16.68,2022-10-06,2022-11-09
1072,October22,31.6,2022-10-06,2022-11-09
1073,October22,29.92,2022-10-06,2022-11-09
1074,October22,22.43,2022-10-06,2022-11-09
1075,October22,35.35,2022-10-06,2022-11-09
1076,October22,26.74,2022-10-06,2022-11-09
1077,October22,22.53,2022-10-06,2022-11-09
1078,October22,17.61,2022-10-06,2022-11-09
1079,October22,24.43,2022-10-06,2022-11-09
1080,October22,21.33,2022-10-06,2022-11-09
1081,October22,29.07,2022-10-06,2022-11-09
1082,October22,12.75,2022-10-06,2022-11-09
1083,October22,22.8,2022-10-06,2022-11-09
1084,October22,28.84,2022-10-06,2022-11-09
1085,October22,15.33,2022-10-06,2022-11-09
1086,October22,32.34,2022-10-06,2022-11-09
1087,October22,18.59,2022-10-06,2022-11-09
1088,October22,24.31,2022-10-06,2022-11-09
1089,October22,17.19,2022-10-06,2022-11-09
1090,October22,25.33,2022-10-06,2022-11-09
1091,October22,10.01,2022-10-06,2022-11-09
1092,January23,26.71,2022-12-22,2023-01-17
1093,January23,13.74,2022-12-22,2023-01-17
1094,January23,24.37,2022-12-22,2023-01-17
1095,January23,23.87,2022-12-22,2023-01-17
1096,January23,22.89,2022-12-22,2023-01-17
1097,January23,39.4,2022-12-22,2023-01-17
1098,January23,18.86,2022-12-22,2023-01-17
1099,January23,27.35,2022-12-22,2023-01-17
1100,January23,46.81,2022-12-22,2023-01-17
1101,January23,26.93,2022-12-22,2023-01-17
1102,January23,26.23,2022-12-22,2023-01-17
1103,January23,30.75,2022-12-22,2023-01-17
1104,January23,38.31,2022-12-22,2023-01-17
1105,January23,15.67,2022-12-22,2023-01-17
1106,January23,12.0,2022-12-22,2023-01-17
1107,January23,28.5,2022-12-22,2023-01-17
1108,January23,24.16,2022-12-22,2023-01-17
1109,January23,17.26,2022-12-22,2023-01-17
1110,January23,21.54,2022-12-22,2023-01-17
1111,January23,24.26,2022-12-22,2023-01-17
1112,January23,32.06,2022-12-22,2023-01-17
1113,January23,33.55,2022-12-22,2023-01-17
1114,January23,16.12,2022-12-22,2023-01-17
1115,January23,28.41,2022-12-22,2023-01-17
1116,January23,18.09,2022-12-22,2023-01-17
1117,January23,22.72,2022-12-22,2023-01-17
1118,January23,28.46,2022-12-22,2023-01-17
1119,January23,13.09,2022-12-22,2023-01-17
1120,January23,31.03,2022-12-22,2023-01-17
1121,January23,12.73,2022-12-22,2023-01-17
1122,January23,19.07,2022-12-22,2023-01-17
1123,January23,21.89,2022-12-22,2023-01-17
1124,January23,31.42,2022-12-22,2023-01-17
1125,January23,24.88,2022-12-22,2023-01-17
1126,January23,23.54,2022-12-22,2023-01-17
1127,January23,42.09,2022-12-22,2023-01-17
1128,January23,23.15,2022-12-22,2023-01-17
1129,January23,16.93,2022-12-22,2023-01-17
1130,January23,25.05,2022-12-22,2023-01-17
1131,January23,21.73,2022-12-22,2023-01-17
1132,January23,26.44,2022-12-22,2023-01-17
1133,January23,26.28,2022-12-22,2023-01-17
1134,January23,9.94,2022-12-22,2023-01-17
1135,January23,23.43,2022-12-22,2023-01-17
1136,January23,25.33,2022-12-22,2023-01-17
1137,January23,20.41,2022-12-22,2023-01-17
1138,January23,25.3,2022-12-22,2023-01-17
1139,January23,22.13,2022-12-22,2023-01-17
1140,January23,24.87,2022-12-22,2023-01-17
1141,January23,16.73,2022-12-22,2023-01-17
1142,January23,18.85,2022-12-22,2023-01-17
1143,January23,12.74,2022-12-22,2023-01-17
1144,April23,21.47,2023-04-05,2023-05-05
1145,April23,18.07,2023-04-05,2023-05-05
1146,April23,24.09,2023-04-05,2023-05-05
1147,April23,15.68,2023-04-05,2023-05-05
1148,April23,15.9,2023-04-05,2023-05-05
1149,April23,28.4,2023-04-05,2023-05-05
1150,April23,13.83,2023-04-05,2023-05-05
1151,April23,21.51,2023-04-05,2023-05-05
1152,April23,35.22,2023-04-05,2023-05-05
1153,April23,23.49,2023-04-05,2023-05-05
1154,April23,23.09,2023-04-05,2023-05-05
1155,April23,26.4,2023-04-05,2023-05-05
1156,April23,35.68,2023-04-05,2023-05-05
1157,April23,9.41,2023-04-05,2023-05-05
1158,April23,9.83,2023-04-05,2023-05-05
1159,April23,23.8,2023-04-05,2023-05-05
1160,April23,14.99,2023-04-05,2023-05-05
1161,April23,11.71,2023-04-05,2023-05-05
1162,April23,20.76,2023-04-05,2023-05-05
1163,April23,21.14,2023-04-05,2023-05-05
1164,April23,14.85,2023-04-05,2023-05-05
1165,April23,24.93,2023-04-05,2023-05-05
1166,April23,14.59,2023-04-05,2023-05-05
1167,April23,22.39,2023-04-05,2023-05-05
1168,April23,11.29,2023-04-05,2023-05-05
1169,April23,20.15,2023-04-05,2023-05-05
1170,April23,25.85,2023-04-05,2023-05-05
1171,April23,9.56,2023-04-05,2023-05-05
1172,April23,23.96,2023-04-05,2023-05-05
1173,April23,8.53,2023-04-05,2023-05-05
1174,April23,14.16,2023-04-05,2023-05-05
1175,April23,12.04,2023-04-05,2023-05-05
1176,April23,23.69,2023-04-05,2023-05-05
1177,April23,20.0,2023-04-05,2023-05-05
1178,April23,20.1,2023-04-05,2023-05-05
1179,April23,30.72,2023-04-05,2023-05-05
1180,April23,16.1,2023-04-05,2023-05-05
1181,April23,13.62,2023-04-05,2023-05-05
1182,April23,18.84,2023-04-05,2023-05-05
1183,April23,19.94,2023-04-05,2023-05-05
1184,April23,19.52,2023-04-05,2023-05-05
1185,April23,19.42,2023-04-05,2023-05-05
1186,April23,11.88,2023-04-05,2023-05-05
1187,April23,19.0,2023-04-05,2023-05-05
1188,April23,25.33,2023-04-05,2023-05-05
1189,April23,9.56,2023-04-05,2023-05-05
1190,April23,20.13,2023-04-05,2023-05-05
1191,April23,14.62,2023-04-05,2023-05-05
1192,April23,23.24,2023-04-05,2023-05-05
1193,April23,11.88,2023-04-05,2023-05-05
1194,April23,18.28,2023-04-05,2023-05-05
1195,April23,9.63,2023-04-05,2023-05-05
